:020000040800F2
:10000000A80F0020AD02000825430008193B000896
:10001000B9400008792300081576000800000000A8
:10002000000000000000000000000000E56400087F
:10003000D127000800000000795300084D6B00082C
:10004000C7020008C7020008C7020008295C0008B0
:10005000C7020008C7020008C7020008C70200085C
:10006000C7020008C7020008C7020008C70200084C
:10007000C7020008C7020008C7020008C70200083C
:10008000C7020008C7020008C7020008C70200082C
:10009000C7020008C7020008C7020008C70200081C
:1000A000C7020008C7020008C7020008C70200080C
:1000B000B16B0008C7020008C7020008C7020008A9
:1000C000C7020008C7020008C7020008C7020008EC
:1000D000C7020008C7020008C7020008C7020008DC
:1000E000F92900086D5B0008C702000800F002F85B
:1000F00000F0B2F80AA090E8000C82448344AAF110
:100100000107DA4501D100F0A7F8AFF2090EBAE80D
:100110000F0013F0010F18BFFB1A43F0010318473B
:1001200020A9000040A900000A444FF0000C10F87C
:10013000013B13F0070408BF10F8014B1D1108BF65
:1001400010F8015B641E05D010F8016B641E01F805
:10015000016BF9D113F0080F1EBF10F8014BAD1C55
:100160000C1B09D16D1E58BF01F801CBFAD505E073
:1001700014F8016B01F8016B6D1EF9D59142D6D3CD
:10018000704700000023002400250026103A28BFF5
:1001900078C1FBD8520728BF30C148BF0B607047F9
:1001A0006E2900F0C382702900F00584662908F0EA
:1001B0009082652908F08D82672908F08A8261297A
:1001C00008F0898203681B0A28BF41F08001692971
:1001D00000F07082642900F06D82752900F06A8257
:1001E0006F2900F09283782900F0D183E92900F08B
:1001F0002D83E42900F02A83F52900F02783EF29D5
:1002000000F08F83F82900F0D0830368DB0928BF52
:1002100041F08001632901F02F81732901F03481BD
:10022000E32901F03F81F32901F044810020704768
:100230001FB500F082F801F0BBF904000020002196
:1002400007F088FF401C60600020002107F06CFF71
:10025000E0601FBD10B510BD01F07CF91146FFF73D
:10026000E7FF07F035FC01F059FA03B4FFF7F2FF9E
:1002700003BC01F05DFA00000B49D1F800C04A68E8
:100280005CF8043B1068184442F8040B8C4528BF06
:10029000A1F1DC0C8A4228BFA1F1DC02C1F800C048
:1002A0004A6020F000407047140900200948804748
:1002B00009480047FEE7FEE7FEE7FEE7FEE7FEE748
:1002C000FEE7FEE7FEE7FEE704480549054A064B60
:1002D00070470000516B0008ED000008A8090020DD
:1002E000A80F0020A80B0020A80B00201CB50C466E
:1002F000064B7B4469460090204600F030FA0446E5
:100300000020694600F03EFA20461CBD8F04000024
:100310000B4910B5A1F17C020A4CC2E93712372112
:1003200006E000EB104342F82130074B00FB03408E
:100330000B1EA1F10101F4DC10BD0120E8E7000073
:10034000B4080020E119D666CD0D010010B5203AA1
:10035000C0F00B80B1E81850203AA0E81850B1E87E
:100360001850A0E81850BFF4F5AF5FEA027C24BF34
:10037000B1E81850A0E8185044BF18C918C0BDE82B
:1003800010405FEA827C24BF51F8043B40F8043BF4
:1003900008BF7047D20728BF31F8023B48BF11F8A9
:1003A000012B28BF20F8023B48BF00F8012B704703
:1003B0004FF0013C50F8042B51F8043B9A4221D1F4
:1003C000A2EB0C03934313EACC1317D150F8042B80
:1003D00051F8043B9A4215D1A2EB0C03934313EA64
:1003E000CC130BD150F8042B51F8043B9A4209D19D
:1003F000A2EB0C03934313EACC13DBD04FF00000C5
:10040000704700BFD01A01BAB1FA81F101F01801AA
:1004100022FA01F0CB40C1F12001DBB2C0B2C01A18
:100420002CFA01F3D11A914311EAC311E6D17047B6
:10043000014900F08FBB00001C09002010B50368C3
:100440001C1404EB21449BB289B2194494FBF2F3CF
:1004500002FB134394FBF2F401EB034393FBF2F131
:1004600002FB113193FBF2F301E05B1E1144002902
:10047000FBDB016003EB044010BDF0B504464FF018
:10048000FF3585B00068049060680290A068039012
:10049000E068019020690090666906F18040B0F143
:1004A000004F7CD83C22002104A8FFF7C7FF3C2264
:1004B000014602A8FFF7C2FF1822014603A8FFF772
:1004C000BDFF411E40F2B55201A8FFF7B7FF0C2255
:1004D000074668460021FFF7B1FF414B00EB87005C
:1004E000304400267B4411E0511A01910099491CC7
:1004F0000229009102D00C2908D105E0810705D01E
:100500000199491C019101E0401C00960099019A53
:10051000595C9142E8DD0099012906D11C2A04D1D9
:10052000810702D00221CDE90016A0F146018B29F6
:100530003CD2DDE90061002202E09F5C521C39449C
:10054000B242FADB012E02DD820700D0491E40F2E2
:10055000B55340F26D16C21700EB927292105A43D7
:1005600000F0030303FB062283070A4400D1521E56
:10057000039E02EB4203049F06EBC303029EC3EB00
:10058000031306EB8303174E33441E149BB2C6EBD2
:100590000616C3EB0313B60007EB830300E005E088
:1005A00006EB134666F31F43360C02D0284605B00F
:1005B000F0BD80C4029E40C4039E40C4019E761CD0
:1005C00044F80C6B009E44E902600720521C92FB29
:1005D000F0F600FB162084E823001846E7E7000049
:1005E000A1A30000A039CEFD70477047704770B5D9
:1005F000044685690068C10601D5302600E0202642
:10060000C00707D070BDD4E9012130469047206A69
:10061000401C20626D1EF6D570BD70B5044685691C
:100620000078C00707D170BDD4E901212020904790
:10063000206A401C20626D1EF6D570BD09684A050F
:1006400001D540B27047C905FCD500B270470968B2
:100650004A0501D5C0B27047C905FCD580B27047C4
:1006600070B50C460546012A05D02878800600D5CD
:10067000EA69002302E0012305E05B1C934202D2F9
:10068000E05C0028F9D1A869E618C01AA861286AB8
:10069000184428622846FFF7AAFF04E0D5E90121A3
:1006A00014F8010B9047B442F8D32846FFF7B5FF82
:1006B00070BD00002DE9F041064600241068752940
:1006C000314616A510D0FFF7B9FF002802DA4042E4
:1006D00013A507E031688A0701D512A502E0490792
:1006E00004D511A5012401E0FFF7B1FF00210A2282
:1006F00006F1240709E0B0FBF2FCB0FBF2F302FBC9
:100700001C00303078541846491C0028F3D1234689
:100710002A463046BDE8F04100F0BDBA00000000B6
:100720002D0000002B00000020000000116802686E
:10073000006A530501D508700AE0D30501D5088089
:1007400006E0130603D5C217C1E9000200E0086005
:100750000120704701694A1C02610878704700B5A2
:100760008FB0CDE901310021059105497944CDE9EA
:1007700003101146684600F029F90FB000BD0000D3
:10078000E5FFFFFF0A6802F8010B0A6070470000EE
:100790002DE9FF5F15468A460446DFF8AC80F84431
:1007A0000027D8E900103E46CDE9001010E03AF8E5
:1007B00016106A4602A800F081FE411C07D021787D
:1007C000890603D5E269391891420DD80744761C91
:1007D0002078800602D5E069B84205DDAE42E6DB4E
:1007E0003AF816000028E2D1A069C01BA06120469B
:1007F000FFF7FDFED8E90010CDE90010002017E05A
:100800003AF818106A4602A800F058FEB0F1FF3F0F
:1008100081460BD000250DF1080B05E0D4E901213C
:100820001BF8050090476D1C4D45F7D308F10100FA
:10083000B0428046E4DB206A384420622046FFF75D
:10084000ECFEBDE8FF9F0000A6A000002DE9F041EE
:100850008046D21D22F007020025D2E90002F529C8
:1008600015A614D0011E72F1000106DA0023D0EBA8
:10087000030063EB020211A608E0D8F800108B0712
:1008800001D50FA602E0490701D50EA601251146A4
:10089000002408F1240704E000F0B8F930323A559A
:1008A000641C50EA0102F7D12B46324621464046ED
:1008B000BDE8F04100F0EFB9000000002D0000009D
:1008C0002B0000002000000030B4002100F12404BF
:1008D00008E002F00705D208303542EA4372DB082F
:1008E0006554491C52EA0305F3D10468002310A2A1
:1008F000250707D5A40600D421B1C46901230DA2A0
:10090000641EC46130BC00F0C6B910B5044621466F
:100910001068FFF79CFE02462046BDE81040002309
:10092000D2E7D21D22F00701D1E90023CCE7000075
:100930000000000030000000F0B40D4601880905F9
:1009400002D5214C7C4402E01F4C7C440E34002133
:1009500000F1240608E002F00F071209E75D42EA01
:1009600003721B097754491C52EA0307F3D102783A
:100970000023120704D5702D06D009B102231134CB
:100980002246F0BC00F087B901231034F8E770B5B7
:1009900004460D4621461068FFF759FE02462946D7
:1009A0002046BDE870400023C6E7D21D22F00703B1
:1009B000D3E90023C0E70368126843F02003036013
:1009C0000823C3610023B7E7089F00002DE9F05F0B
:1009D000894604464FF0000ADFF874B1FB44C0F8C2
:1009E00020A02046E1688847002874D0252806D03A
:1009F000D4E901219047206A401C2062F1E70026DB
:100A00005F462046E16888472028054607DB312DF0
:100A100005D2781910F8200C08B10643F1E7B007A9
:100A200001D526F00406C4F81CA00027C4F818A0BD
:100A30002A2D09D0284606F003FE38B304EB8708B8
:100A4000303DC8F8185019E059F8041B204604EB53
:100A500087029161E1688847012F054618D1E06956
:100A6000002820DA26F020061DE0D8F8180000EB58
:100A7000800005EB40003038C8F818002046E168D7
:100A80008847054606F0DCFD0028EED1012F0AD08C
:100A90002E2D08D12046E16888477F1C0546022F8D
:100AA00046F02006C4DBA069002803DA404246F085
:100AB0000106A061F00701D026F010066C2D0BD0C6
:100AC000682D09D04C2D39D06A2D35D0742D35D0F4
:100AD0007A2D33D016E038E0E1682F46204688476B
:100AE000B842054609D16C2F26D04FF48060E168EA
:100AF000064320468847054604E06C2F1AD04FF481
:100B0000807006430DB3A5F14100192802D82035A5
:100B100046F400664A462946204626604E46FFF7C0
:100B20003FFB80B101280BD0F61D26F0070000F135
:100B3000080956E74020E4E78020D8E70020D6E700
:100B400006F104094DE7284652E7206ABDE8F09F08
:100B5000989E000070B50C46016800204A1C3ED0EB
:100B60003C22B1FBF2F302FB1313B1FBF2F1236061
:100B7000B1FBF2F302FB1313B1FBF2F11822636035
:100B8000B1FBF2F302FB1313B1FBF2F146F2E032D8
:100B90000A440721A360B2FBF1F301FB132140F2E9
:100BA000B553B2FBF3F5A161B2FBF3F103FB1522E0
:100BB0008900B2F5B77F08D39B10521EB2FBF3F544
:100BC0002944B2FBF3F503FB15220F4BE26161618F
:100BD00089077B440CD03B2A0AD3521C08E02C2105
:100BE000204600F08BFC0120E0600AE0521A401C15
:100BF000195C9142FAD9521CC4E903204FF0FF302E
:100C00002062204670BD0000B39C000030B5B0F1FA
:100C10000A024FEA900E71F100034EEA817EB0EBBA
:100C20000E0061EB91014FEA101E4EEA017E10EBBF
:100C30000E0041EB11114FEA102E4EEA016E10EB3F
:100C40000E0041EB11214FEA104E4EEA014E10EB1F
:100C50000E0041EB1141401841F100014FEAD00074
:100C600040EA41704FEAD10110EB80054FEA810460
:100C700044EA907444EB01046D1944EB0404521BE4
:100C8000A3414FF0000348BF0A3200D530BD401CDD
:100C900041F1000130BD2DE9F0470D4699469246DD
:100CA000044600F124080168880604D5E06921F0B3
:100CB0001001216000E00120A84201DD471B00E097
:100CC0000027A1697A1902EB0900081AA0612078AF
:100CD000C00602D42046FFF78AFC002608E0D4E9CB
:100CE00001211AF806009047206A401C761C2062F9
:100CF0004E45F4DB2078C0060AD52046FFF777FC86
:100D000006E0D4E9012130209047206A401C20628F
:100D1000381EA7F10107F4DC07E0D4E9012118F837
:100D200005009047206A401C2062281EA5F101059D
:100D3000F3DC2046FFF771FC2078000602D5022084
:100D4000BDE8F0870120FBE770472DE9FF4F0C4617
:100D50001E464FF0FF378BB0D2E90001DDF860800E
:100D60000A908A46C1F30A5505B93D460021084656
:100D70004FF00000BAF1000F00F4400005DA00EB7C
:100D800080004FF4400101EA50004FEA9059B9F158
:100D9000010F00DDB9460A9850EA4A000ED044F629
:100DA0001050A5F2FF3545432F14B8F1000F1ED0A7
:100DB0007542291E1EDDC9F100021CE0B8F1010FC9
:100DC0004FF0000001D0302103E0F24305E0215450
:100DD000401CB042FBDB30460022002121540B991D
:100DE000C1F80880C1E900200FB0BDE8F08FBD1B3D
:100DF0006D1CDEE74A4600DA694206A800F01CFCDA
:100E000006AB93E8070003AB83E8070050460A9956
:100E100000F094FC8DE80700A0F500501F3800900A
:100E20000398002D0ADD42F21F014A4608440023C0
:100E300003A90390684600F0FDFE09E0A0F500500C
:100E40004A461F38002303A90390684600F007FFB5
:100E50008DE807000004000C03D04FF0FF3041087C
:100E600000E01046B8F1000F03D0002200921546B2
:100E70001EE0751E05D4FFF7C9FE303262556D1EA7
:100E8000F9D5B3460122084302D000227F1C04E0BA
:100E90002078302801D100227F1E002A099784D0B3
:100EA0001DE0112D07DAFFF7B1FE303262556D1CDF
:100EB00050EA0102F5D1084302D00098C8B10EE013
:100EC0000021681E05E0235C625C63542254401ECE
:100ED000491C8142F7DBAB46A81B401E099000204D
:100EE00004F80B000B98099AC0F80880C0E9002BA1
:100EF0007AE711264FF0000857E72DE9F04F8846B2
:100F00000446D21D22F0070191B0D1E90001CDE9DC
:100F10000A0106F081FB02460B98C00F01D02D207C
:100F200007E02068810701D52B2002E0202101EA9B
:100F3000C000032A099001D0072A05DB0346414679
:100F4000204600F039FB0BE12078800601D5E069EE
:100F500000E00620B8F1650F814606D0B8F1660FB3
:100F600018D0B8F1670F70D131E00020B9F1110F3E
:100F7000009001DB112301E009F101030AAA01A994
:100F80000CA8FFF7E2FEDDE90C70002609F101056F
:100F9000834647E001204B4600904FF000470AAAE5
:100FA00001A90CA8FFF7D1FEDDE90DB00C995D4653
:100FB000002610B909F101000D18B9EB050003D4A2
:100FC000C0F1FF3609F10105A5EB09002BE0B9F1ED
:100FD000010F01DA4FF001090020B9F1110F009063
:100FE000484601DD112300E003460AAA01A90CA826
:100FF000FFF7ABFEDDE90C704D46002683462078F6
:1010000000070AD4AB4500DA5D4601A8012D04DDD6
:10101000411911F8011C302907D04F4502DA17F1A8
:10102000040F04DA012082460FE06D1EEEE7002F68
:1010300002DCED1B3E4403E0781CA84200DD7D1C71
:10104000B81B00F1010A4FF000472078000703D4D5
:10105000AA4501DB4FF0FF3A0021B7F1004F0DF137
:1010600043088DF8431024D002202B23002F01DAEF
:101070007F422D230A21021EA0F1010000DC5FB196
:1010800097FBF1FC97FBF1F201FB1C7C17460CF17E
:10109000300C08F801CDEEE7A8F1010003702188BB
:1010A000090501D5452100E06521A0F1010800F8FE
:1010B000011C09980FA9A1EB0807FF1D00B1012031
:1010C000411901EBEA70A1693844081A401EA06179
:1010D0002078C00602D42046FFF789FA099828B183
:1010E000D4E901219047206A401C20622078C00684
:1010F00022D52046FFF77BFA1EE0002E04DBB34525
:1011000002DD01A8805D00E03020D4E90121904794
:10111000206A401C2062761CAAF101005FEA000AE6
:101120000AD100F045FAC0680168405CD4E90121A9
:101130009047206A401C2062281EA5F10105DCDCD6
:1011400007E0D4E9012118F8010B9047206A401C00
:101150002062381EA7F10107F3DC2046FFF75DFA95
:10116000032011B041E600002DE9F04F04460D4682
:10117000D21D22F0070089B0D0E9009748463946D1
:1011800006F04AFA0246F80F01D02D2307E0206846
:10119000810701D52B2302E0202101EAC0038DF84D
:1011A00020300BB1012000E00020032A824601D04C
:1011B000072A04DB2946204600F0FEF93FE12078AB
:1011C000800601D40D2500E0E569C7F30A560D2D10
:1011D00049DA00214FEA175B08464FF00000002F64
:1011E00000F4400007DA00EB80004FF4400100EB10
:1011F000D07001EA60008115012901DD4FF0FF3157
:1012000000224FEA850CBCF1180F06D31346ACF14F
:1012100018004FF08052C24003E04FF4801323FACD
:101220000CF30CF10C0CBCF1200F04D3ACF1200C2E
:1012300009FA0CF001E007FA0CF000294FF0004821
:1012400001DD18B90FE00ED140450CD319EB0209AE
:101250005F4121B9404502D19F4329EA0209BBEB16
:10126000175F00D0761C2088000502D57B487844A3
:1012700002E07A487844193808AA302302F80A3084
:10128000037C0AF10101002E0AF1020A53546A4656
:1012900002DC4FF0300101E04FF031014FF0010866
:1012A0008DF8001002D0A6F2FF3603E059EA47019C
:1012B00000D06B4E002D02DC2178090704D54FF0D9
:1012C00002082E218DF80110C44600210BE0C7F35F
:1012D00003433F01C35C491C6D1E02F80830052919
:1012E00008F1010801DA002DF1DC00210CE000EB2F
:1012F0001973491C1B786D1E082902F808304FEA43
:10130000091908F1010801DA002DF0DC21688B06CB
:1013100002D516E0A8F10108E04505DD02EB08035F
:1013200013F8013C302BF5D0B8F1000F09DD02EBCA
:10133000080313F8013C2E2B03D1090701D4A8F1AF
:101340000108002D05DD3E2102F808106D1E08F190
:101350000108407C002E02F8080008F1010804DAB8
:101360002D20764202F8080002E02B2002F8080047
:101370000A214FF47A70864208F101080BDB96FBD4
:10138000F0F3303302F8083096FBF0F308F101086F
:1013900000FB136601E0642E0CDB642096FBF0F387
:1013A000303302F8083096FBF0F308F1010800FB37
:1013B000136601E00A2E06DB96FBF1F0303002F8EE
:1013C000080008F1010896FBF1F001FB10603030D5
:1013D00002F80800A16908F1010808EB050202EB18
:1013E0000A00081AA0612078C00602D42046FFF740
:1013F000FEF8216A08AE01EB0A00206204E0D4E99D
:10140000012116F8010B9047BAF1010AF7D22078B2
:10141000C00602D52046FFF7EAF86E4609E016F846
:10142000010B3E280FD0D4E901219047206A401CCF
:101430002062B8F10108F2D22046FFF7EEF809B0B9
:101440000320BDE8F08F206A2844206203E0D4E93D
:101450000121302090476D1EEBD3F8E7369600004F
:1014600002FCFFFF10B5436913B1AFF3008001E048
:10147000FFF7F6F8012010BD127800F124010A7080
:1014800000224A700122EDE711684FF0FF32E9E7D0
:1014900010B5436913B1AFF3008001E0FFF778F9AD
:1014A000012010BD128800F1240182840022C28430
:1014B0000122EDE711684FF0FF32E9E770B51646FB
:1014C0000C46054600F06CF8036893F8010101280A
:1014D00006D0FF2C0FD8185D68B101202C7070BDAC
:1014E000D3F807013246214603F207130344284686
:1014F000BDE8704018474FF0FF3070BD4FF000025C
:1015000000B5134694469646203922BFA0E80C50F9
:10151000A0E80C50B1F12001BFF4F7AF090728BFD4
:10152000A0E80C5048BF0CC05DF804EB890028BF50
:1015300040F8042B08BF704748BF20F8022B11F079
:10154000804F18BF00F8012B70470000004870471B
:10155000480900207546FFF7F9FFAE4605006946C9
:10156000534620F00700854618B020B5FEF7ACFEC4
:10157000BDE820404FF000064FF000074FF0000894
:101580004FF0000B21F00701AC46ACE8C009ACE815
:10159000C009ACE8C009ACE8C0098D46704700003E
:1015A00010B500F005F8001D10BD00BFA96B0000CC
:1015B00000487047680900202DE9F0411F460446A5
:1015C00003260168072A01F4006004DB08B116A5B0
:1015D00005E016A503E008B115A500E015A521F06A
:1015E00010002060A069C01EA0610FB1401EA06164
:1015F0002046FEF7FCFF4FB1D4E901213846904761
:10160000206A401C2062C01C206206E0206AFAE7C3
:10161000D4E9012115F8010B9047761EF8D2204637
:10162000FEF7FBFFBDE8F0814E414E006E616E009B
:10163000494E4600696E66002DE9F0478146164620
:101640008AB0354878440DC88DE80D00324878449A
:10165000801C03AC0DC884E80D0041F69B300844A3
:10166000372190FBF1F290FBF1F5A5F1800501FB2C
:1016700012041B3C02D56442012000E00020DFF888
:1016800098A080460027FA44AAF1BE0A0EE0E007BF
:101690000AD03246684607EB470101230AEB810175
:1016A00000F0DDFA8DE8070064107F1C002CEED1FD
:1016B000194F7F44AE3F19E0E80715D007EB04103F
:1016C0000DF1180A90E80E008AE80E00C068F0429A
:1016D00001D1981908903246012306A903A800F009
:1016E000BEFA03AB83E807006D10641C002DE3D144
:1016F0004FF0010332466946B8F1000F03A802D04B
:1017000000F098FA01E000F0AAFAC9E90001C9F86E
:1017100008200AB0BDE8F087F092000010B504463A
:10172000AFF300802046BDE81040FEF79EBD704735
:1017300001491820ABBEFEE7260002005FEA400C1C
:1017400008BF91F0000F4FEA8C234FEAC12243EA11
:1017500051514FEA1C5018BF00F5F0404FEA3000DD
:1017600018BF41F000415FEA6C5C00F02980BCF1D9
:10177000FF3F08BF40F080407047130C06BF1204C3
:101780004FF0100C4FF0000C130E04BF12020CF1BE
:10179000080C130F04BF12010CF1040C930F04BFCB
:1017A00092000CF1020CD30F04BF52000CF1010C9B
:1017B00011464FF00002A0F11F00A0EB0C00704793
:1017C00011F0004F08BF704731F000413FF4D5AF32
:1017D0000B0C06BF09044FF0100C4FF0000C0B0E61
:1017E00004BF09020CF1080C0B0F04BF09010CF136
:1017F000040C8B0F04BF89000CF1020CCB0F04BF4B
:1018000049000CF1010CCCF12003A0EB0C0022FAF2
:1018100003F302FA0CF241EA030100F10100704700
:1018200020F07F4C80EA030023F07F47ACEB0703F6
:1018300003F57C5300F0004003F1FF032DE98049DC
:101840004FEA154B09B44FEA144325EA0B4E24EA3C
:1018500003480FF2042606EB132749083E785FEA97
:10186000320203FB0667C7F5000707FB06F64FEADF
:1018700054374FEAD64606F1020607FB066CCCF158
:10188000005C4FEA1C472CEA074C07FB06F40CFBF4
:1018900006F504EB15464FEA961634BF00204FF0CC
:1018A00000404FEAD13706FB07FC4FEA1C4C0CFB0B
:1018B0000BF7D21B03FB0CF761EB07010CFB0EF7D8
:1018C000B0EB074072EB17420CFB08F734BFA2EBFA
:1018D0000742B2EB074261EB17414FEA0C444FEA73
:1018E000910706FB07FC4FEA1C4C0CFB0BF7B0EB17
:1018F000C74072EB573203FB0CF734BFA2EBC74271
:10190000B2EBC74261EB57310CFB0EF7B0EBC700EF
:1019100072EB57720CFB08F734BFA2EBC702B2EBB5
:10192000C70261EB5771039F4FEA816141EA92114F
:1019300004EBCC044FEAD1374FEA826206FB07FC86
:1019400042EA90124FEA80604FEA1C4C0CFB0BF706
:10195000D21B03FB0CF761EB07010CFB0EF7B0EB9E
:10196000074072EB17420CFB08F734BFA2EB0742AB
:10197000B2EB074261EB17414FEA8C554FEA9107F2
:1019800004EB9C2406FB07FC4FEA1C4C0CFB0BF7FA
:10199000B0EBC74072EB573203FB0CF734BFA2EB3E
:1019A000C742B2EBC74261EB57310CFB0EF7B0EB0D
:1019B000C70072EB57720CFB08F734BFA2EBC702EB
:1019C000B2EBC70261EB577115EB4C254FEA816111
:1019D00041EA92114FEA82624FEAD13742EA90120D
:1019E00006FB07FC44F100044FEA80604FEA1C4C00
:1019F0000CFB0BF7D21B03FB0CF761EB07010CFB95
:101A00000EF7B0EB074072EB17420CFB08F734BF40
:101A1000A2EB0742B2EB074261EB174115EB1C1535
:101A20004FEA813141EA92414FEA823242EA9042E2
:101A30004FEA80304FEA0C7644F1000448EA034351
:101A40004EEA0B484FF0000EB2EB080C71EB0307A7
:101A500024BF624639464EEB0E0E4FF0000B0018C5
:101A6000524149414BEB0B0BB2EB080C71EB0307F6
:101A70007BF1000B24BF624639464EEB0E0E4FF051
:101A8000000B0018524149414BEB0B0BB2EB080C19
:101A900071EB03077BF1000B24BF624639464EEB26
:101AA0000E0E51EA020718BF46F0010616EB0E763D
:101AB00055F1000254F1000103D5BDE88901BDE8EC
:101AC0000088BDE88901BDE80048B619524141EBE4
:101AD0000101A3F10103704780807F7E7D7C7B7ACA
:101AE0007978777676757473727171706F6E6E6DCA
:101AF0006C6C6B6A6A696868676666656464636370
:101B000062616160605F5F5E5E5D5D5C5C5B5B5AF5
:101B10005A59595858575756565555555454535362
:101B200052525251515050504F4F4F4E4E4D4D4DBD
:101B30004C4C4C4B4B4B4A4A4A4949494848484708
:101B40004747474646464545454444444443434346
:101B50004342424242414141002B9C4630D47700EF
:101B60002BD01CB54FEA370703B44FF010004FF0ED
:101B70001001BAF1000F06D0BCF1000FDCBF40F03D
:101B8000080040F008014FF000000FBCBDE8104015
:101B90000BF1010BBBF1010F08BF5FEA170722BF72
:101BA00012F1010211F101014FF0004143F1000374
:101BB00000F0004043EA00007047F9D35708D0E72F
:101BC00046EA064613F1400F4FEA16461FDD13F1B1
:101BD000200FDFBF16430A46002120335B42BED0F0
:101BE000C3F1200746EA064602FA07F74FEA16460F
:101BF00046EA0706C3F1200722FA03F201FA07F7C3
:101C000021FA03F14FF0000342EA0702A7E746EA90
:101C1000020646EA06464FEA164646EA0106BCBFF9
:101C200046EA0646360C4FF000034FF000024FF034
:101C3000000194E72DE9804C9A46934670B491E8F0
:101C4000380007C831EA400C48BF34EA430C03D5DA
:101C5000FFF7E6FDFFF780FFF0BCBDE8008C2DE943
:101C6000804C9A46934670B491E8380007C810F04B
:101C7000804F08BF13F0804F03D100F005F8FFF745
:101C80006BFFF0BCBDE8008C20F07F4780EA0300CA
:101C900023F07F4C07EB0C03A3F57C5300F00040CE
:101CA000A3F1FE0392F0000F00F0B38095F0000F57
:101CB00000F077802DE901494FEA11404FEA1446C0
:101CC00021EA004800FB06FC24EA064708FB06F66A
:101CD00007FB08F800FB07F718EB06484CEB164C1F
:101CE0004FEA124B18EB07484FEA15464CEB1740EA
:101CF00022EA0B4E0BFB06FC25EA06470EFB06F616
:101D000007FB0EFE0BFB07F71EEB064E4CEB164CCB
:101D10004FF000061EEB074E4CEB174B18EB0B0871
:101D200040F1000018EB0E0B58EB000840F10000EA
:101D30008F1A4FF000013CBFC943661B14BFB5EBBF
:101D4000040C00213CBFC943F61B4FEA17444EEA7E
:101D50008E0E27EA04454FEA1C4704FB07622CEA73
:101D6000074C05FB07F70CFB05F604FB0CFC16EB18
:101D7000074642EB174216EB0C4642EB1C421BEBAC
:101D8000060658EB0202414146EA9E0601D5BDE82F
:101D90000189B619524141EB0101A3F10103BDE8EC
:101DA00001894FEA14454FEA114724EA054621EA22
:101DB000074C05FB07F406FB07F70CFB06F105FBD8
:101DC0000CFC11EB074144EB17444FEA124711EBAF
:101DD0000C4144EB1C4422EA074C05FB07F206FBCE
:101DE00007F70CFB06F605FB0CFC16EB074642EB6F
:101DF000174216EB0C4642EB1C456A1854F10001E1
:101E000048BF7047B619524141EB0101A3F10103EC
:101E1000704795F0000F37D04FEA11424FEA144750
:101E200021EA024624EA074C02FB07F106FB07F70A
:101E30000CFB06F402FB0CFC14EB074441EB1741CE
:101E40004FEA154714EB0C4441EB1C4125EA074CC3
:101E500002FB07F506FB07F70CFB06F602FB0CFC82
:101E600016EB074645EB174516EB0C4645EB1C42B7
:101E7000121951F1000148BF7047B619524141EBA8
:101E80000101A3F1010370474FEA14454FEA1147DE
:101E900024EA054621EA074C05FB07F106FB07F794
:101EA0000CFB06F24FF0000605FB0CFC12EB0742A0
:101EB00041EB174112EB0C4251EB1C4148BF7047FC
:101EC000921841EB0101A3F10103704721B182682F
:101ED00042F00102826003E0826822F00102826027
:101EE0007047014600208A6802F004020AB101200E
:101EF00000E0002070470146C86C80B2704702467F
:101F0000002013680B400BB1012000E00020704757
:101F1000014600208A6802F008020AB1012000E0B0
:101F20000020704730B502460020002350680F4C57
:101F300020400D790C6844EA0524204350609068E5
:101F40000B4C2040D1E902542C434D7944EA45041E
:101F500020439060D06A20F470000C7C641EE4B2D0
:101F6000234340EA0350D06230BD0000FFFEF0FF83
:101F7000FDF7F1FFF0B504460D4600200021092DC4
:101F800011DDE068A5F10A0606EB4607072606FA0A
:101F900007F18843A5F10A0606EB460603FA06F1A7
:101FA0000843E0600CE0206905EB4507072606FAC8
:101FB00007F1884305EB450603FA06F10843206163
:101FC000072A0FDA606B561E06EB86071F2606FAF5
:101FD00007F18843561E06EB860605FA06F108430C
:101FE000606322E00D2A0FDA206BD61F06EB86070E
:101FF0001F2606FA07F18843D61F06EB860605FA68
:1020000006F10843206310E0E06AA2F10D0606EB3A
:1020100086071F2606FA07F18843A2F10D0606EB94
:10202000860605FA06F10843E062F0BD816841F0DA
:1020300008018160704721B1826842F4A002826089
:1020400003E0826822F4A00282607047816841F058
:10205000040181607047000010B504460523012289
:1020600021460948FFF786FF01210748FFF7E3FFF4
:1020700000BF02210448FFF742FF0028F9D00248C0
:10208000FFF739FF10BD00000024014000B587B004
:102090000121480203F028FD0121042003F024FD62
:1020A0004FF4004003F004FD00208DF81B000220D7
:1020B000ADF8180003208DF81A0006A9164800F0A4
:1020C000CFFF0020019004904FF460200390002087
:1020D0008DF809008DF8080001208DF8140001A981
:1020E0000E48FFF71FFF01210C48FFF7EFFE0B48DA
:1020F000FFF79CFF00BF0948FFF70AFF0128FAD04D
:102100000648FFF7A3FF00BF0448FFF7EAFE0128D7
:10211000FAD007B000BD00000008014000240140D3
:1021200038B5002045490880142048800120888067
:10213000C88043480A4600909178107810231222F4
:1021400002F034FF3D4A9278521ED1B23B4A1278D7
:10215000521ED0B20123142202F09AF9374A927823
:10216000521ED1B2354A1278521ED0B21223012229
:1021700002F08EF9314A9278521ED1B22F4A12786B
:102180001232D0B21223012202F082F903F02CF8AD
:102190002A480088401C00B22849088028480A467E
:1021A0000090917810781023122202F0FFFE234A4B
:1021B0009278521ED1B2214A1278521ED0B2012317
:1021C000142202F065F91D4A9278521ED1B21B4AC0
:1021D0001278521ED0B21223012202F059F9174A86
:1021E0009278521ED1B2154A12781232D0B212230E
:1021F000012202F04DF902F0F7FF0DE00021114A33
:1022000002EB001211800F4A02EB001251800D4ABE
:1022100002EB00129180401C0328EFDB002408E051
:102220000020094901EB04118880204605F00CFCD0
:10223000641C012CF4DB02F0D7FF38BDE80100205C
:10224000C99E0008F80100202802002010B5802156
:10225000134800F090FF50B912484088012806DD6D
:10226000104840880F49C988401A0E4948802021EB
:102270000B4800F080FF50B90A484088312806DA40
:10228000084840880749C9880844064948804FF4EF
:102290008051034800F06FFF08B900F007FA10BD45
:1022A000000C0140E801002008B501460020009024
:1022B000034800900098084400900098008808BDEA
:1022C000006C004008B500220092044A0092009A77
:1022D00002440092009A116008BD0000006C0040AA
:1022E00038B5002441E0224800EB04108088D8B3C0
:1022F0001F4800EB04100088401C00B21C4901EB91
:10230000041108801B481A4A02EB041200909178CD
:10231000174A02EB0412107803231A4602F046FE15
:10232000134A02EB04129278521ED1B2104A02EB09
:1023300004121278521ED0B20323012202F0A8F830
:102340000B4800EB0410B0F9000080280CDD0020E1
:10235000074901EB04118880054901EB041108804D
:10236000034901EB04114880641C032CBBDB38BD1E
:10237000F80100200B9F000800BFFEE708B502F03F
:1023800073F87F4837233C2200210090084602F072
:102390000DFE7CA3082200213D2002F0EDFB7DA371
:1023A000082210213D2002F0E7FB7EA30822202115
:1023B0003D2002F0E1FB7EA3082230213D2002F007
:1023C000DBFB02F011FF07E001F0B4FB00B104E019
:1023D00001F0A4FB00B108BDF6E700BF02F044F82D
:1023E000082001231A46194600900A2002F076FEC2
:1023F00008200123022217210090184602F06EFEE9
:1024000008200123032217210090142002F066FE09
:10241000082001230422282100900A2002F05EFEF9
:1024200008200123052206210090642002F056FEB8
:1024300008200123062211460090782002F04EFE6B
:1024400008200123072226210090642002F046FE86
:1024500008200123024626210090782002F03EFE4B
:1024600057A3062238213C2002F086FB02F0BCFE76
:1024700084E001F011FA53490870084600780228F8
:1024800002D100F0BDF806E04E480078012802D1E4
:10249000032000F0B5F801F00BFB4A49087008462C
:1024A0000078032803D1012000F0AAF805E0454890
:1024B0000078042801D100F0A3F801F06BFA41493B
:1024C000087008460078052802D100F099F805E068
:1024D0003C480078062801D100F092F801F02AFB70
:1024E000394908700846007810B1072000F088F8D4
:1024F00001F014FB354908700846007810B1082037
:1025000000F07EF830480078002832D02F4800785C
:1025100000282ED001F0A8FF194837233C220021C3
:102520000090084602F042FD29A3082200213D2028
:1025300002F022FB2AA3082210213D2002F01CFBFE
:1025400029A3082220213D2002F016FB2AA30822FD
:1025500030213D2002F010FB02F046FE07E001F0C2
:10256000E9FA00B104E001F0D9FA00B133E7F6E787
:1025700000BF0020144908701449087079E7000072
:10258000259D0008E8BF9BE585A5E5908EE68C8932
:1025900000000000E58F8CE994AEE8BF94E59B9EB7
:1025A00000000000E5BD93E5898D3A2000000000A1
:1025B000E7A1AEE8AEA4E8BF9BE585A5000000005A
:1025C00043000000340000203500002036000020C9
:1025D000E8AFB7E68C89E8BF94E59B9E0000000059
:1025E000E8BF94E59B9E0000E68896E68C89E7A10B
:1025F000AEE8AEA400000000E7BBA7E7BBAD00005B
:102600002DE9F0410546134830F8250084B2002634
:1026100018E001221103104800F0BAFD0F4890FBAA
:10262000F4F7384600F0E1F800224FF480510A48F0
:1026300000F0AEFD094890FBF4F7384600F0D5F8FD
:10264000701C86B2E11704EB9171B6EBA10FE0DBD1
:10265000BDE8F081380000200008014020A10700FB
:1026600010B51048008818B99E2000F0B2F810BDCF
:10267000002413E0012211030B4800F089FD40F211
:102680004E2000F0B2F800224FF48051064800F0CE
:102690007FFDC82000F0A9F8601C84B2C82CE9DBDB
:1026A00000BFE4E72E0000200008014038B52B48A9
:1026B0008088A0B92A480088133000B227490880D2
:1026C00027484088801D48800120888025480A4688
:1026D00000909178107803231A4602F067FC0124D9
:1026E00039E0601E1D4901EB00108088012831D1BE
:1026F000084600EB0410808860BB601E01EB0010F0
:10270000B0F900001649B1F90010401A1E2821DB6B
:1027100013480088133000B2104901EB04110880FF
:102720000F484088801D0D4901EB041148800120AD
:102730000A4901EB041188800A48084A02EB041296
:1027400000909178054A02EB0412107803231A4690
:1027500002F02CFC641C032CC3DD38BDF801002002
:10276000E80100200B9F000810B500242AE017485C
:1027700000EB0410808820BB0120144901EB0411F8
:1027800088808220114901EB0411088003F00AFBC4
:102790003C2190FBF1F201FB12000C4901EB04110A
:1027A00048800A4800EB04104088312808DD0748BB
:1027B00000EB041040882838044901EB04114880DC
:1027C00002E0641C012CD2DB00BF10BD28020020F7
:1027D000704700B5034603E04FF47A7000F005F847
:1027E000181EA3F10103F7D100BD00EBC001C90021
:1027F0004FF0E0225161002191610521116100BF7C
:102800004FF0E021096901F480310029F8D004215A
:102810004FF0E0221161704708B501F025FE02F08B
:10282000E3FC00205949088040F6B8305849088038
:102830004FF47A70574908800020574908707F206C
:10284000564908700120564908707F205549087084
:102850000120554908707F205449087001205449CF
:1028600008700020534908705349088003205349D9
:10287000087089E001F0D0F901F008FA4B4890F9AE
:1028800000000F301A2809DC484890F900000F308A
:10289000002803D44A48007806281FDD414890F9F3
:1028A00000000F301A2809DC3E4890F900000F3074
:1028B000002803D4424800780E280FDD374890F9ED
:1028C0000000C01D182857DC344890F90000C01DD6
:1028D000002851D43A4800780E284DDC364800884C
:1028E00038490880384800890988884205DA35481F
:1028F00000883549088104F011F93AE0C820FFF753
:1029000068FF01F0B1FD314837233C2200210090DF
:10291000084602F04BFB2EA3082200213D2002F0C6
:102920002BF92FA3082214213D2002F025F92FA313
:10293000082228213D2002F01FF9062005230090DF
:10294000204802881A215F2002F0C8FB0620009070
:102950001D48028905232E215F2002F0BFFB02F0F3
:1029600043FC01F0E7F800B104E001F0D7F800B152
:1029700000E0C3E700BF08BD01F0DCF800B1FAE7F2
:1029800001F0CCF800B1F6E774E700008E000020FB
:1029900082000020840000208600002087000020A4
:1029A00088000020890000208A0000208B00002081
:1029B0008C00002070000020720000209600002093
:1029C0007A0000207400002038010020259D0008B6
:1029D000E6B8B8E6888FE7BB93E69D9F000000004D
:1029E000E5BE97E588863A2000000000E69C80E975
:1029F000AB983A200000000010B54FF4804000F082
:102A000033F801280ED18103114800F0B4FB0128EE
:102A100004D110480078401C0E4908704FF48040E3
:102A200000F01CF84FF4004000F01EF801280ED111
:102A3000C103074800F09FFB012804D10648007835
:102A4000401C054908704FF4004000F007F810BD25
:102A5000000C0140260000202700002001490860EA
:102A60007047000014040140014600200022074B7B
:102A70001B6803EA0102054B14331B680B4013B1BA
:102A80000AB1012000E0002070470000000401406E
:102A9000002123498279002A3AD00A461268036845
:102AA0009A430B461A600A1D126803689A430B1D6D
:102AB0001A60027911440A6803681A430A60184AC6
:102AC0000832126803689A43154B08331A601A1DBE
:102AD000126803689A43124B0C331A604279102A29
:102AE0000ED11A1F126803681A430D4B08331A607F
:102AF0001A1D126803681A43094B0C331A600DE063
:102B00000749427911440A6803681A430A6005E0DC
:102B1000027911440A6803689A430A60704700000A
:102B2000000401402DE9F8431325DDE04FF00009D2
:102B3000C84609E005EB45006E4901EBC00030F9DD
:102B40001800814408F10108B8F10C0FF2DBB9F16B
:102B50000C0F7DD12C4691E0601E00EB40006549D2
:102B600031F8300004EB4401624A22F83100601E63
:102B700000EB4000114601EBC000408804EB44012B
:102B800002EBC1014880601E00EB4000114601EBE2
:102B9000C000808804EB440102EBC1018880601E04
:102BA00000EB4000114601EBC000C08804EB44017B
:102BB00002EBC101C880601E00EB4000114601EB32
:102BC000C000008904EB440102EBC1010881601ED2
:102BD00000EB4000114601EBC000408904EB4401CA
:102BE00002EBC1014881601E00EB4000114601EB81
:102BF000C000808904EB440102EBC1018881601EA2
:102C000000EB4000114601EBC000C08904EB440119
:102C100002EBC101C881601E00EB4000114601EBD0
:102C2000C000008A04EB440102EBC1010882601E6F
:102C300000EB4000114601EBC000408A04EB440168
:102C400002EBC1014882601E00EB4000114600E02B
:102C500049E001EBC000808A04EB440102EBC101B2
:102C60008882601E00EB4000114601EBC000C08A64
:102C700004EB440102EBC101C882641E002C3FF743
:102C80006BAF1D480088401C00B21B49088006201D
:102C9000032300900846B0F900202E21572002F0AF
:102CA0001DFA6D1C00261BE0002715E006EB460010
:102CB000104901EBC00030F8170058B906EB460286
:102CC000921CD1B207EB47022832D0B203231A4636
:102CD00001F0DEFB781C87B20C2FE7DB701C86B29C
:102CE000142EE1DB00BF6D1E002DBFF61FAFBDE847
:102CF000F883000058020020A800002038B5FFF734
:102D000033FD0024DBE0704800EB041080880128CC
:102D10007ED16D4800EB041000886C490988401A88
:102D200000B2694901EB041108806948664A02EB68
:102D3000041200909178644A02EB041210780E237A
:102D40000F2202F033F900255BE0624800EB05102A
:102D50008088002854D05C4800EB0410B0F90000D3
:102D6000801C5C4901EB0511B1F90010884247DC79
:102D7000584800EB0510B0F90010534800EB041060
:102D8000B0F90000083081423ADC4F4800EB0410F3
:102D90004088801C4F4901EB0511498888422FDC8F
:102DA0004C4800EB05104188474800EB0410408870
:102DB0000B30814224DC0020434901EB0411888060
:102DC000414A02EB041291783F4A02EB0412127856
:102DD000521FD0B21123142201F05AFB3E48008842
:102DE000401C3D49088000203A4901EB05118880CC
:102DF000384901EB05110880364901EB051148807F
:102E00006D1C032DA1DB304800EB0410008800E0AE
:102E100054E0002852D12C4901EB0411888001F0C4
:102E200023FB2E4880892C490988884205DA2A48E4
:102E300000882A49888103F071FE3DE001F014FB0F
:102E4000274837233C2200210090084602F0AEF8C4
:102E500024A3082200213D2001F08EFE25A3082294
:102E600010213D2001F088FE24A3082220213D20CE
:102E700001F082FE23A3082230213D2001F07CFED8
:102E8000062004230090144802882021612002F0CB
:102E900025F90620009011488289042334216120FD
:102EA00002F01CF902F0A0F900F044FE00B104E0C9
:102EB00000F034FE00B100E0C0E700BF641C012C4C
:102EC000FFF621AF38BD000028020020A600002038
:102ED000ED9E0008F8010020A40000203801002029
:102EE000259D0008E8AFB7E68C89E58F8CE994AEA4
:102EF00000000000E98080E587BA0000E5BE97E5A4
:102F000088860000E69C80E9AB98000030B5044656
:102F100004254FF4302000F06FF80546042D17D13A
:102F20000C48006940F002000A4908610846446103
:102F3000006940F0400008614FF4302000F05CF878
:102F400005460448006941F6FD71084001490861E1
:102F5000284630BD0020024004200B49C96801F01A
:102F6000010109B101200EE00749C96801F004011F
:102F700009B1022007E00449C96801F0100109B154
:102F8000032000E00420704700200240034800694D
:102F900040F08000014908617047000000200240B5
:102FA00070B504460D460426F00200F025F80646EA
:102FB000042E11D10948006940F001000749086159
:102FC0002580F00200F018F806460448006941F632
:102FD000FE71084001490861304670BD0020024082
:102FE0000248034948600348486070472301674529
:102FF00000200240AB89EFCD00B502460423FFF765
:10300000ABFF034603E0FFF7A7FF0346521E012B69
:1030100001D1002AF7D102B90523184600BD0000EE
:1030200030B500228B071C0F0F2303FA04F20B4B61
:103030008C1053F824309343084C8D1044F82530FD
:1030400023468C1053F824308C07240F00FA04F424
:103050002343024C8D1044F8253030BD0800014058
:103060002DE9F0410246002500260020002300241F
:10307000002791F803C00CF00F0591F803C00CF085
:10308000100CBCF1000F03D091F802C04CEA05050A
:1030900091F800C0BCF1000F31D0146800202BE083
:1030A0004FF0010C0CFA00F3B1F800C00CEA030673
:1030B0009E4220D183004FF00F0C0CFA03F7BC4363
:1030C00005FA03FC4CEA040491F803C0BCF1280F94
:1030D00006D14FF0010C0CFA00FCC2F814C00AE053
:1030E00091F803C0BCF1480F05D14FF0010C0CFA68
:1030F00000FCC2F810C0401C0828D1D31460B1F8FD
:1031000000C0BCF1FF0F34DD546800202EE000F158
:10311000080C4FF0010808FA0CF3B1F800C00CEAF3
:1031200003069E4221D183004FF00F0C0CFA03F7E7
:10313000BC4305FA03FC4CEA040491F803C0BCF15B
:10314000280F05D100F1080C08FA0CF8C2F8148019
:1031500091F803C0BCF1480F07D100F1080C4FF003
:10316000010808FA0CF8C2F81080401C0828CED3D9
:103170005460BDE8F0810246002093680B400BB11B
:10318000012000E0002070474161704701617047F5
:103190000AB1016100E041617047000070B504466A
:1031A00094F8025294F8036294F8040230B10128B2
:1031B00009D002280CD0032814D10EE094F80302A1
:1031C000401EC6B20EE094F80202401CC5B209E0EF
:1031D00094F80302401CC6B204E094F80202401EB8
:1031E000C5B200BF00BF2846E91705EB11710911F0
:1031F000A5EB0111CDB23046F11706EB5171C910A4
:10320000A6EBC101CEB2424800EB0610405DD0BB38
:10321000042094F8001254F82110087094F8001259
:10322000481CC11700EB5161C911A0EBC11184F812
:103230000012374800EB0610284494F8001244F8B6
:103240002100032094F8001254F821100870002087
:1032500094F8011254F82110087094F80112481CD7
:10326000C11700EB5161C911A0EBC11184F8011223
:10327000052094F8011254F82110087084F80252C5
:1032800084F8036242E0FFE7214800EB0610405D4E
:10329000022839D1042094F8001254F82110087043
:1032A00094F80012481CC11700EB5161C911A0EB42
:1032B000C11184F80012164800EB0610284494F857
:1032C000001244F82100032094F8001254F8211051
:1032D000087002F02DFD0F480088401C0D49088041
:1032E0000D490888C11700EB11710B4A1288A2EB37
:1032F0002111094A1180104600880849088084F885
:10330000025284F8036201E0002070BD0120FCE756
:10331000680100206C0000206A000020A00000204E
:1033200010B5ADF5027D0020244908804FF482706D
:103330002349088000F098FE00208DF800028DF8E7
:103340000102FCF799FF0446C01704EB107000114E
:10335000A4EB0010C0B28DF80202FCF78DFF04460A
:10336000C01704EB5070C010A4EBC000C0B28DF8C1
:10337000030201208DF804029DF80302114901EBBC
:1033800000109DF8021208449DF800124DF821002B
:1033900003209DF803120B4A02EB01119DF8022253
:1033A000885402F0C5FC01F01FFF684600F00CF8DD
:1033B00000F062FC0DF5027D10BD00006C000020E5
:1033C0006A00002068010020F8B504469348008890
:1033D000934908800120934908802EE094F8020266
:1033E000401C84F80202042094F8001254F82110C2
:1033F000087004F500742178481CC11700EB516176
:10340000C911A0EBC1112170E078874901EB0010D0
:10341000A17808442178A4F5007444F82100032021
:1034200094F8001254F82110087000F02FFE01F0FB
:10343000DBFE7A480088FFF7CCF994F8000294F894
:103440000112401A0328C9DB94F804620025E4E065
:1034500000F070FB18B1002072490880F8BD00F040
:103460005DFB18B100206F490880F7E794F804026B
:1034700030B1012820D002283AD0032870D153E07F
:1034800000F00AFA45B2012D04D194F80402401C60
:1034900084F80402022D04D194F80402401E84F83A
:1034A000040294F80402C11700EB91718910A0EB9B
:1034B000810184F8041253E000F0FAFA45B2042DB9
:1034C00004D194F80402401C84F80402032D04D1B2
:1034D00094F80402401E84F8040294F80402C11710
:1034E00000EB91718910A0EB810184F8041237E0A0
:1034F00000F0D2F945B2022D04D194F80402401C28
:1035000084F80402012D04D194F80402401E84F8CA
:10351000040294F80402C11700EB91718910A0EB2A
:10352000810184F804121BE000F0C2FA45B2032DB9
:1035300004D194F80402401C84F80402042D04D140
:1035400094F80402401E84F8040294F80402C1179F
:1035500000EB91718910A0EB810184F8041200BF87
:1035600000BF32480088002854D000202F4908802E
:103570002046FFF713FE10B194F8046246E084F889
:1035800004622046FFF70AFE00283FD12848408900
:1035900028490988884205DA264800882449488154
:1035A00003F0BCFA00F060FF234837233C220021DF
:1035B0000090084601F0FAFC20A3082200213D20DB
:1035C00001F0DAFA1B48008820A308221421009099
:1035D0003D2001F0D1FA164840891FA30822282176
:1035E00000903D2001F0C8FA01F0FEFD0DE000F072
:1035F000A1FA18B100200B4908802FE700F08EFADD
:1036000018B100200749088028E7F0E700F03EFDE8
:1036100001F0EAFD0520FFF7DCF819E76A00002059
:10362000A000002030000020680100209E00002043
:10363000380100206C000020259D0008E6B8B8E69F
:10364000888FE7BB93E69D9F00000000E5BE97E5ED
:1036500088863A2564200000E69C80E9AB983A25EC
:103660006420000070B5034600200BE0074C04EB1B
:10367000C204245C064D05EBC31500EBC106AC5536
:10368000441C60B20828F1DB70BD0000DA86000837
:103690003804002070B5FCF7EFFD0546FCF738FE56
:1036A000FCF7EAFD072190FBF1F201FB120004B2E6
:1036B00057480480072C78D2DFE804F0041B324915
:1036C00060788F000520534908800020488005203D
:1036D000888001214F48C18005204E490881022180
:1036E0004C48418105204B49888103214948C181CB
:1036F0008BE005204749088000204880062088800C
:1037000000214448C18005204249088101214148E7
:10371000418106203F49888101213E48C18174E0F2
:1037200005203C4908800020488004208880012131
:103730003848C18005203749088101213548418139
:1037400006203449888101213248C1815DE004208E
:1037500030490880002048800520888000212D48BD
:10376000C18005202B49088101212A48418106207A
:103770002849888101212748C18146E00520254943
:103780000880002048800620888000212148C180D0
:1037900004202049088101211E48418105201D493E
:1037A000888101211B48C1812FE02DE006201949A5
:1037B0000880002048800420888001211548C180AD
:1037C0000520144908810121124841810620114930
:1037D000888101210F48C18117E004200D4908802C
:1037E000002048800420888001210A48C1800520EB
:1037F000084908810121074841810620054988813F
:1038000001210448C18100E000BF00BF70BD00007D
:10381000AC0000204802002010B54FF4805104484D
:10382000FFF7A9FC08B90C2010BD0020FCE7000040
:10383000000C014070B50025154C10211548FFF70C
:103840009AFC70B90520FEF7C4FF03E0641E0CB9B2
:10385000012070BD10210F48FFF78DFC0028F5D026
:10386000012540210B48FFF786FC70B90520FEF7C3
:10387000B0FF03E0641E0CB90220EAE740210548CE
:10388000FFF779FC0028F5D002252846E1E7000083
:1038900080FC0A00000C014010B510211648FFF70B
:1038A0006AFC30B91548007818B90120134908702E
:1038B00010BD40211048FFF75EFC38B90F48007872
:1038C00020B901200D4908700220F1E740210A4883
:1038D000FFF751FC01280CD110210748FFF74BFCE2
:1038E000012806D105480078012802D100200349AB
:1038F00008700020DCE70000000C01402A000020D6
:103900000246002100200BE0535C7E2B04DD831C6B
:10391000D8B2CB1CD9B203E0431CD8B24B1CD9B2ED
:10392000535C002BF0D1704710B5184C4FF4805108
:103930001748FFF720FC80B90520FEF74AFF03E097
:10394000641E0CB9052010BD4FF480511048FFF7DC
:1039500012FC0028F4D00520F5E74FF400510C4884
:10396000FFF709FC80B90520FEF733FF03E0641E72
:103970000CB90620E7E74FF400510548FFF7FBFBC1
:103980000028F4D00620DEE70020DCE780FC0A00F7
:10399000000C014010B54FF480511848FFF7EBFBC5
:1039A00038B91748007820B901201549087005205A
:1039B00010BD4FF400511148FFF7DDFB38B9104836
:1039C000007820B901200E4908700620F0E74FF476
:1039D00080510A48FFF7CFFB01280CD1410307486B
:1039E000FFF7C9FB012806D105480078012802D15C
:1039F0000020034908700020DAE70000000C0140B5
:103A00002C00002070B50025184C80211848FFF7C5
:103A1000B2FB88B90520FEF7DCFE03E0641E0CB99A
:103A2000032070BD80211248FFF7A5FB0028F5D0C8
:103A30000320FEF7CEFE032520210D48FFF79BFB58
:103A400088B90520FEF7C5FE03E0641E0CB904200A
:103A5000E7E720210648FFF78EFB0028F5D003207A
:103A6000FEF7B7FE04252846DBE7000080FC0A00CD
:103A7000000C014010B50C4C20210C48FFF77BFBDB
:103A800078B90520FEF7A5FE03E0A41E0CB90420BA
:103A900010BD20210548FFF76EFB0028F5D004205B
:103AA000F6E70020F4E70000E0930400000C01407A
:103AB00010B580211648FFF75EFB38B9154800782D
:103AC00020B9012013490870032010BD202110489F
:103AD000FFF751FB38B90F48007820B901200D4994
:103AE00008700420F1E780210948FFF744FB012812
:103AF0000CD120210648FFF73EFB012806D10548DE
:103B00000078012802D10020024908700020DCE77B
:103B1000000C01402B00002000BFFEE704480078A5
:103B200020B1002002490870082070470020FCE7FF
:103B3000270000200448007820B1002002490870C6
:103B4000072070470020FCE72600002000B587B062
:103B50000121082001F0C8FF0121042001F0C4FF69
:103B60000121084601F0C0FF48208DF81B004FF2EC
:103B7000F000ADF8180003208DF81A0006A92448BB
:103B8000FFF76EFA10208DF8170040F60340ADF8ED
:103B9000140003208DF8160005A91D48FFF760FAF0
:103BA00010208DF813000002ADF8100003208DF8EE
:103BB000120004A91748FFF753FA0E210120FFF75E
:103BC0002FFA0F210120FFF72BFA4FF4404002900B
:103BD00001208DF80E0000208DF80C0008208DF8D3
:103BE0000D0002A8FEF754FF4FF4A06000F0D4FBD4
:103BF00028208DF8040001208DF807008DF80500BD
:103C00008DF8060001A800F08FFB07B000BD000092
:103C1000000C01400008014010B51248007800B1C6
:103C200010BD01200F490870FFF7F6FD0E4908701E
:103C3000084600780D49097848400B490978084042
:103C40000B4908700848007808490870084800784F
:103C50000C2805D10748007810B9012005490870E3
:103C600000BFDDE7900000209100002092000020BE
:103C7000930000207C0000200020024908700249C7
:103C800008707047260000202700002038B5A4489F
:103C9000007800B138BD0120A14908700620052335
:103CA0000090A04802880021612001F017FA082343
:103CB0001E220021612001F0ABFA9B4800684FF4FE
:103CC000FA71B0FBF1F201FB120098494418082385
:103CD000802236210020009401F068F90823802218
:103CE0003621002001F094FA8F4800689049097845
:103CF00008448D49086008460068B0F5FA7F01D98C
:103D0000002008608B4890F9000000F11A0203239C
:103D10001946884890F90000401C00F00DFC8448CA
:103D20000078401E83490978081A40B2814908701A
:103D3000084690F9000010F11B0F01DA7F2008708F
:103D40007C4890F9000000F11A02032319467948D3
:103D500090F9000001F0C8F8774890F9000000F1F0
:103D60001A0202231946744890F90000401C00F022
:103D7000E3FB6F480078401E6F490978081A40B28B
:103D80006D490870084690F9000010F11B0F01DA28
:103D90007F200870684890F9000000F11A020223A1
:103DA0001946654890F9000001F09EF863480078D4
:103DB00048B96348007806230F22052100900020AF
:103DC00000F0F4FA1BE05F480078012802D10220DD
:103DD0005C4908705C48007806230F22022100909D
:103DE000002000F011FB57480078022807D1564800
:103DF000007820B900205349087050490870534892
:103E0000007850BB524890F90000C21D06230521DE
:103E10004F4890F90000C01C00F08EFB4C48007821
:103E200043490978401A40B249490870084690F958
:103E3000000010F1080F05DA0120444908707F20C6
:103E400043490870424890F90000C21D062305212D
:103E50003F4890F9000000F00FFF3E48007860BB3B
:103E60003D4890F9000000F10F02062305213A4871
:103E700090F90000083000F05FFB374800782C49CB
:103E80000978401A40B234490870084690F9000099
:103E900010F1100F05DA01202E4908707F202E49FD
:103EA00008702D4890F9000000F10F02062305214B
:103EB000294890F9000000F039FF2848007860BBDD
:103EC000274890F9000000F10F0206231946244804
:103ED00090F90000083000F02FFB214800781449C9
:103EE0000978401A40B21E490870084690F900004F
:103EF00010F1100F05DA0120184908707F201849C9
:103F00000870174890F9000000F10F0206231946C7
:103F1000134890F9000000F063FF00BFBAE600000C
:103F2000950000207200002098000020DA9400081C
:103F30009600002078000020790000207C000020FE
:103F40007B000020800000207D00002088000020F1
:103F5000870000208A000020890000208C000020BB
:103F60008B00002000203E49498813290BD03C4992
:103F7000C988132907D03A494989132903D03849F8
:103F8000C989132901D1012038E035494988491CE4
:103F900001EB4101334A02EBC101314A128831F889
:103FA0001210012929D02E49C988491C01EB410171
:103FB0002C4A02EBC1012A4A928831F812100129D9
:103FC0001BD027494989491C01EB4101254A02EBD5
:103FD000C101234A128931F8121001290DD020495C
:103FE000C989491C01EB41011E4A02EBC1011C4A6F
:103FF000928931F81210012900D1012001282DD118
:104000000121174A528802EB4202164B03EBC2020F
:10401000134B1B8822F8131001221149C98801EBA8
:104020004101104B03EBC1010D4B9B8821F813207C
:104030000B49498901EB41010A4B03EBC101084BD4
:104040001B8921F813200649C98901EB4101054B61
:1040500003EBC101024B9B8921F81320704700003C
:10406000380200205802002000200AE0002105E06C
:104070000022054B03EB00135A54491C1029F7DBAF
:10408000401C0828F2DB70476801002030B500248E
:104090000DE0002508E0074B03EB04135A5DE9B27D
:1040A000E0B2FFF7DFFA6D1C102DF4DB641C082C66
:1040B000EFDB30BD6801002000BFFEE710B504460D
:1040C000FEF78EFF2046FEF721FFFEF75FFF10BDD3
:1040D00070B504460D46FEF783FF29462046FEF7DD
:1040E0005FFFFEF753FF70BD01460888704710B5AB
:1040F0000121080701F0E8FC0121C80601F0E4FCF9
:10410000012001F013F90420FEF7CEF84AF2A55180
:10411000884220D0012001F015FD00BF612001F090
:10412000F3FC0128FAD1400201F018FD012001F052
:104130000FFD01F0EBFD01F0DFFD49F63F4001F01E
:10414000CBFD01F0D9FD00F047F84AF2A55104205B
:10415000FEF7B8F812E0012001F0F4FC00BF612086
:1041600001F0D2FC0128FAD1400201F0F7FC012055
:1041700001F0EEFC01F0CAFD01F0BEFD01F05EFDB4
:1041800010BD000010B58CB001F032FD00F5E1402B
:104190000B900BA8FCF74CF904462C2221466846EC
:1041A000FCF7D4F8059800F26C7000B20949088059
:1041B0000498401C00B24880039800B2888002989E
:1041C00000B2C880019800B20881009800B248810E
:1041D0000CB010BD5C00002010B58CB01348B0F9D5
:1041E0000000A0F26C7006901048B0F90200401E6A
:1041F00005900E48B0F9040004900C48B0F9060090
:1042000003900A48B0F9080002900848B0F90A0083
:10421000019001A8FCF731F9A0F5E144204601F036
:104220004DFD01F069FD0CB010BD00005C000020E8
:1042300038B500F019F9062331A23821002000F02A
:1042400073FF082331A21221012000F06DFF55E019
:1042500001F0CEFC314909884418601E01F020FDB0
:10426000FFF790FF062000902D48B0F900200423AE
:104270003821002000F032FF062000902848B0F9D5
:104280000220022338211E2000F028FF0620009083
:104290002348B0F9042002233821312000F01EFF0A
:1042A000082000901E48B0F9062002231221212088
:1042B00000F014FF082000901948B0F908200223EC
:1042C0001221392000F00AFF082000901448B0F9AC
:1042D0000A2002231221512000F000FF00F084FF89
:1042E0000121002001F028F802F032FCFFF722FC47
:1042F00010B9FFF713FC00B138BD00BFA8E70000FC
:10430000585858582D58582D585800002020202013
:1043100058583A58583A5858000000006800002091
:104320005C0000207047000070B5002100230F22C0
:10433000C47804B3154C246804F4E064C4F5E06464
:10434000210AC1F10403CA40447804FA03F18478D5
:104350001440214309010E4C0678A155047804F05D
:104360001F050124AC4005786D11AD0005F1E02575
:10437000C5F8004109E0047804F01F050124AC40B1
:10438000044D0678761145F8264070BD0CED00E02E
:1043900000E400E080E100E002490143024A1160CC
:1043A000704700000000FA050CED00E02DE9F04731
:1043B00005460E4690469946DDF820A000240027C9
:1043C00000BF17E0E9B23219D0B200F043FC002779
:1043D00009E00C4901EB0A2101EB0411C85D00F072
:1043E00094FF781CC7B2A8EB0500401CB842F0DC73
:1043F000601C84B2A9EB0600401CA042E2DCBDE8D0
:10440000F0870000159800082DE9F04705460E4694
:1044100090469946DDF820A00024002700BF19E04F
:10442000E9B23219D0B200F015FC00270BE00AEB1C
:104430008A010C4A02EB011101EB0411C85D00F086
:1044400064FF781CC7B2A8EB0500401CB842EEDC44
:10445000601C84B2A9EB0600401CA042E0DCBDE871
:10446000F0870000159A000800200CE0002106E00B
:104470000022064B03EBC0135A544A1CD1B28029C8
:10448000F6DB421CD0B20828F0DB7047380400206D
:104490002DE9F04304460D4616461F467F2C01DDEC
:1044A000BDE8F0833F2D00DDFAE7A119802902DD88
:1044B000C4F18001CEB2E919402902DDC5F1400105
:1044C000CFB2284630E0234629E04FEAE07C00EBFB
:1044D0005C7C4FEAEC0CDFF85C8008EBCC1C1CF831
:1044E00003C002464FEAE07800EB58784FEAE8084C
:1044F000A0EBC8094FF0010808FA09F82CEA080CEB
:1045000001464FEAE07800EB58784FEAE808DFF818
:10451000249009EBC81808F803C0591CCBB2A119A4
:104520009942D2DC411CC8B2E9198142CBDC00BF00
:10453000B6E70000380400202DE9F04704460E4697
:10454000904699460027002500BF3CE0772C0FDD00
:10455000E1B2F219D0B200F07DFB002504E00020AA
:1045600000F0D3FE681CC5B2C4F17F00A842F6DC9F
:10457000002C12DB772C10DCE1B2F219D0B200F083
:1045800069FB002504E0002000F0BFFE681CC5B2F6
:10459000A8EB0400401CA842F5DC002C11DAF1194C
:1045A000C8B2002100F056FB6042C5B204E0002012
:1045B00000F0ABFE681CC5B2A8EB0400401CA8428A
:1045C000F5DC781C87B2A9EB0600401CB842BDDCC4
:1045D000BDE8F0872DE9F04F07460E4691469A4612
:1045E000C9F1010B00254C463219D1B27A19D0B26B
:1045F00000F05CF9321BD1B27A1BD0B200F056F950
:104600007219D1B23A19D0B200F050F9721BD1B27E
:104610003A1BD0B200F04AF9BAF1000F0FD0604255
:104620000FFA80F809E006EB0800C1B2384600F046
:104630003DF908F101000FFA80F8A045F3DB75E0C1
:10464000681C05B2BBF1000F05DA6800401C584435
:104650000FFA80FB07E0601E04B2281B4000401CDC
:1046600058440FFA80FB3219D1B27A19D0B200F057
:104670001DF97219D1B23A19D0B200F017F9321BF4
:10468000D1B27A1BD0B200F011F9721BD1B23A1B31
:10469000D0B200F00BF9321BD1B27A19D0B200F0CF
:1046A00005F9721BD1B23A19D0B200F0FFF83219F5
:1046B000D1B27A1BD0B200F0F9F87219D1B23A1B1C
:1046C000D0B200F0F3F8BAF1000F2FD060420FFA29
:1046D00080F811E006EB0802D1B27A19D0B200F0EE
:1046E000E5F806EB0802D1B27A1BD0B200F0DEF892
:1046F00008F101000FFA80F8A045EBDB68420FFAE1
:1047000080F811E006EB0802D1B23A1BD0B200F0FB
:10471000CDF806EB0802D1B23A19D0B200F0C6F8D3
:1047200008F101000FFA80F8A845EBDBA54287DB12
:10473000BDE8F08F2DE9FF4F86B0069F079EDDF89C
:104740002080DDF824900020019000904E450FD18C
:10475000474502DDBA464746D0463C4605E0F1B241
:10476000E0B200F0A3F8601C04B24445F7DD99E024
:1047700047450FD14E4502DDB2464E46D14635463D
:1047800005E0E9B2F8B200F091F8681C05B24D45B9
:10479000F7DD87E0474505DDBA464746D046B246D5
:1047A0004E46D1464E4507DD704206B2C9F10000C3
:1047B0000FFA80F901200190A9EB0600A8EB070190
:1047C000884207DDBA4637465646C246C846D146F5
:1047D00001200090A8EB070000B20590A9EB0600AD
:1047E0000FFA80FB4FEA4B0000B203900598ABEB49
:1047F0000000400000B202900598C0EB4B0000B2F0
:1048000004903C463546019838B1009828B1624280
:10481000D1B2E8B200F04AF812E0019828B16A4239
:10482000D1B2E0B200F042F80AE0009820B1E1B263
:10483000E8B200F03BF803E0E9B2E0B200F036F88D
:104840002EE0601C04B20498002805DADDE90310AC
:10485000084400B2049006E0681C05B2029904986E
:10486000084400B20490019838B1009828B162421F
:10487000D1B2E8B200F01AF812E0019828B16A4209
:10488000D1B2E0B200F012F80AE0009820B1E1B233
:10489000E8B200F00BF803E0E9B2E0B200F006F88D
:1048A0004445CEDB0AB0BDE8F08F000070B503468A
:1048B0007F2B00DD70BD3F2900DDFBE7CC1701EB4E
:1048C0005474E4100C4D05EBC414E45C0A46CD1797
:1048D00001EB5575ED10A1EBC5060125B5402C4344
:1048E0000846CD1701EB5575ED10034E06EBC515C7
:1048F000EC5400BFDEE70000380400202DE9F0474B
:1049000005460E4617469846DDF820A0BAF1000F7E
:1049100024D12C460CE031462046FFF7C7FF06EBBA
:104920000800401EC1B22046FFF7C0FF601CC4B2A1
:10493000E819A042EFDC34460BE021462846FFF799
:10494000B5FFE919491EC8B22146FFF7AFFF601C49
:10495000C4B206EB0800A042EFDC14E02C460FE0E6
:10496000B14607E049462046FFF7A0FF09F10100E4
:1049700000F0FF0906EB08004845F3DC601CC4B2F8
:10498000E819A042ECDCBDE8F087000038B500244F
:1049900006E0002500E06D1CB5F57A7FFBD3641CB2
:1049A000B4F57A7FF5D30121082001F09DF8142099
:1049B0008DF8030003208DF802004FF48070ADF8ED
:1049C000000069460848FEF74BFB4FF40070ADF855
:1049D000000069460448FEF743FB012000F056FC46
:1049E000012000F05FFC38BD000C014070B50546A9
:1049F000002411E080212141294009B1012100E07A
:104A00000021084600F04EFC012000F03FFC002091
:104A100000F03CFC601CC4B2082CEBDB012000F071
:104A200035FC002000F032FC70BD10B5012000F014
:104A300039FC012000F02AFC002000F033FC0020AB
:104A400000F024FC10BD10B5002000F02BFC01206C
:104A500000F01CFC012000F025FC10BD10B5FFF794
:104A600095FFAE2000F02AFCD52000F027FC802026
:104A700000F024FCA82000F021FC3F2000F01EFCE8
:104A8000D32000F01BFC002000F018FC402000F0B8
:104A900015FCA12000F012FCC82000F00FFCDA2069
:104AA00000F00CFC122000F009FC812000F006FC54
:104AB000CF2000F003FCD92000F000FCF12000F032
:104AC000FDFBDB2000F0FAFB302000F0F7FBA42018
:104AD00000F0F4FBA62000F0F1FB8D2000F0EEFBCF
:104AE000142000F0EBFBAF2000F0E8FBFFF7BCFC6C
:104AF00000F07AFB10BD00002DE9F84305460E4694
:104B00001746984600240DE004EBC401134A02EB5B
:104B1000810101F120003946FBF74AFC00B90DE0A4
:104B2000601CC4B204EBC4010C4A02EB810101F128
:104B300020000BA1FBF73CFC0028E5D100BF04EBF3
:104B4000C400064901EB8000F1B20090E8B21023E6
:104B50001A4600F02BFABDE8F88300000A87000827
:104B60000000000010B50246012000E050430B1E7B
:104B7000A1F10101FAD110BD0FB470B58AB005469C
:104B80000E46144612A8019002A8019A1199FBF74B
:104B9000ADFB00200190234602AA3146284600F0D2
:104BA000C3FA0AB070BC5DF814FB00002DE9F043B5
:104BB00004460D4616461F467F2C01DDBDE8F083F6
:104BC0003F2D00DDFAE7A119802902DDC4F1800143
:104BD000CEB2E919402902DDC5F14001CFB2284625
:104BE00030E0234629E04FEAE07C00EB5C7C4FEAB2
:104BF000EC0CDFF85C8008EBCC1C1CF803C0024610
:104C00004FEAE07800EB58784FEAE808A0EBC809D3
:104C10004FF0010808FA09F88CEA080C01464FEA3F
:104C2000E07800EB58784FEAE808DFF8249009EBC9
:104C3000C81808F803C0591CCBB2A1199942D2DC9C
:104C4000411CC8B2E9198142CBDC00BFB6E70000C5
:104C50003804002070B505460C4645F0B00000F061
:104C60002DFB102141EA141000F028FB04F00F0086
:104C700000F024FB70BD00002DE9F04704460F460C
:104C8000904699460026002500BF45E0772C12DDAE
:104C9000E1B2BA19D0B2FFF7DDFF002507E02249E3
:104CA00001EBC601485D00F030FB681CC5B2C4F1E1
:104CB0007F00A842F3DC002C15DB772C13DCE1B27B
:104CC000BA19D0B2FFF7C6FF002507E0164901EB7D
:104CD000C601485D00F019FB681CC5B2A8EB0400D2
:104CE000401CA842F2DC002C14DAB919C8B2002129
:104CF000FFF7B0FF6042C5B207E00B4901EBC60108
:104D0000485D00F002FB681CC5B2A8EB0400401C23
:104D1000A842F2DC701C86B2A9EB0700401CB0422E
:104D2000B4DCBDE8F0870000E59C00082DE9F04701
:104D300004460F46904699460026002500BF45E0F0
:104D40006F2C12DDE1B2BA19D0B2FFF783FF002554
:104D500007E0224901EB0611485D00F0D6FA681C15
:104D6000C5B2C4F17F00A842F3DC002C15DB6F2C28
:104D700013DCE1B2BA19D0B2FFF76CFF002507E0EF
:104D8000164901EB0611485D00F0BFFA681CC5B278
:104D9000A8EB0400401CA842F2DC002C14DAB9197C
:104DA000C8B20021FFF756FF6042C5B207E00B49C9
:104DB00001EB0611485D00F0A8FA681CC5B2A8EB2B
:104DC0000400401CA842F2DC701C86B2A9EB07006C
:104DD000401CB042B4DCBDE8F0870000F59C000840
:104DE0002DE9F04704460F469046994600260025D7
:104DF00000BF45E06F2C12DDE1B2BA19D0B2FFF767
:104E000029FF002507E0224901EB0611485D00F06B
:104E10007CFA681CC5B2C4F17F00A842F3DC002C08
:104E200015DB6F2C13DCE1B2BA19D0B2FFF712FF19
:104E3000002507E0164901EB0611485D00F065FA10
:104E4000681CC5B2A8EB0400401CA842F2DC002C90
:104E500014DAB919C8B20021FFF7FCFE6042C5B2EE
:104E600007E00B4901EB0611485D00F04EFA681CA3
:104E7000C5B2A8EB0400401CA842F2DC701C86B24C
:104E8000A9EB0700401CB042B4DCBDE8F08700008D
:104E9000159D0008F8B506460F4614461D46082D18
:104EA0000CD1A4F120000E4901EB001010230822C0
:104EB00039460090304600F079F80FE0062D0DD10C
:104EC000A4F1200000EB4000064901EB400008235C
:104ED000062239460090304600F068F8F8BD000020
:104EE000309F000820A500082DE9F04704460F4632
:104EF000904699460026002500BF4EE0642C15DD43
:104F0000E1B2BA19D0B2FFF7A5FE00250AE006EB20
:104F1000C60101EB4101244A1144485D00F0F5F956
:104F2000681CC5B2C4F17F00A842F0DC002C18DB7D
:104F3000642C16DCE1B2BA19D0B2FFF78BFE002563
:104F40000AE006EBC60101EB4101174A1144485D36
:104F500000F0DBF9681CC5B2A8EB0400401CA842B5
:104F6000EFDC002C17DAB919C8B20021FFF772FE86
:104F70006042C5B20AE006EBC60101EB41010A4AF4
:104F80001144485D00F0C1F9681CC5B2A8EB0400EB
:104F9000401CA842EFDC701C86B2A9EB0700401C45
:104FA000B042ABDCBDE8F087FA9700082DE9F04F7E
:104FB00007460C4690469946DDF824A07F2F01DD78
:104FC000BDE8F08F3F2C00DDFAE74B464246214614
:104FD0003846FFF75DFAA9F10100C11700EB5171E6
:104FE000C910491C01F0FF0B002570E0002669E0A4
:104FF000B8197F2800DD67E0E11704EB517105EB7C
:10500000E101072900DDDBE72046E21704EB5272DD
:1050100005EBE202304B03EBC212BB19D25C214616
:10502000E31704EB5373DB10A4EBC30305FB086C1D
:105030001AF80CC00CFA03FC42EA0C02E31704EB6A
:10504000537305EBE303DFF890C00CEBC31307EBDE
:10505000060C03F80C20E11704EB517105EBE1019C
:10506000491C072900DD2BE02046E21704EB5272B1
:1050700005EBE202521C184B03EBC212BB19D25CC7
:105080002146E31704EB5373DB10A4EBC303C3F116
:10509000080305FB086C1AF80CC04CFA03FC42EA42
:1050A0000C02E31704EB537305EBE3035B1CDFF81F
:1050B00028C00CEBC31307EB060C03F80C2000BF51
:1050C000701CC6B2464593DB00BF681CC5B25D4587
:1050D0008CDB00BF74E70000380400202DE9F047A6
:1050E0000646894617461D46DDF82080002417E055
:1050F000281B411E0A20FFF735FDB7FBF0F00A21FF
:10510000B0FBF1F201FB120000F1300A04FB086170
:10511000C8B2434652464946FFF7BCFE601CC4B2C3
:10512000AC42E5DBBDE8F0872DE9F84380468946CF
:1051300015461E460024002751E0285D0A2809D1A3
:10514000082E01D1102000E00820484400F0FF099B
:10515000FF2740E0781C00FB0680802808DD082E31
:1051600001D1102000E00820484400F0FF0900278A
:10517000285D7E2826DD00200090285D8DF8000047
:10518000601CC4B2285D8DF80100601CC4B2285DAB
:105190008DF80200082E09D107FB068148B233467C
:1051A0006A464FFA89F1FFF7A7FC08E007FB068182
:1051B00048B233466A464FFA89F1FFF79DFC781CE6
:1051C000C7B207E02A5D07FB0681C8B233464946ED
:1051D000FFF760FE00BF601CC4B2781CC7B2285D38
:1051E0000028AAD1BDE8F88310B500240BE0002107
:1051F0002046FFF72FFD054901EBC410802100F088
:105200006DF8601CC4B2082CF1DB10BD380400201E
:105210002DE9F04105460C46174698467F2D01DDE5
:10522000BDE8F0813F2C00DDFAE7E819802802DDB7
:10523000C5F18000C7B204EB0800402803DDC4F1CB
:10524000400000F0FF082046E11704EB5171C1F364
:10525000C7060CE029463046FFF7FCFC0A4901EB83
:10526000C6114819394600F039F8701CC6B204EB73
:105270000801481EC11700EB5171012202EBE10148
:10528000B142E7DC00BFCBE73804002010B504468C
:1052900022464FF480710248FDF77AFF10BD0000EE
:1052A000000C014010B5044622464FF4007102483C
:1052B000FDF76EFF10BD0000000C014010B5044664
:1052C000FFF7B3FB7820FFF791FB0020FFF78EFB81
:1052D0002046FFF78BFBFFF7B6FB10BD70B5054608
:1052E0000E46FFF7A2FB7820FFF780FB4020FFF778
:1052F0007DFB002404E0285DFFF778FB601CC4B24E
:10530000B442F8DBFFF79FFB70BD10B50446FFF712
:105310008CFB7820FFF76AFB4020FFF767FB2046F5
:10532000FFF764FBFFF78FFB10BD00000149086227
:105330007047000000000E4210B5024600200C4BE2
:10534000186820F00300104318600A4B1B6843F0F4
:105350000403084C2360012901D130BF00E020BFC5
:10536000044B1B6823F00403024C236010BD0000B3
:105370000070004010ED00E07047000008B5FFF736
:1053800073F80223782219460820FFF7D3F93E2349
:10539000782219460820FFF7CDF940F6AC504E4967
:1053A000088001204D4908801E204D4908704D4954
:1053B000087008204C4908704C49087031204C494D
:1053C000087007204B49087001204B4908704B4971
:1053D000087000204A4908704A4908707AE0FEF7D0
:1053E0009DFB18B100203D49088008BD00F0B0F8D1
:1053F00000F08EF94348007880B9434800880128BE
:105400000CD140490870414805231A461F210090DD
:105410003D20FFF7CBFD00203B49088000F02CFA2F
:10542000401C002827D12D490880FFF71DF8384877
:1054300037233C22002100900846FFF7B7FD35A333
:10544000082200213D20FFF797FB36A308221021F8
:105450003D20FFF791FB37A3082228214D20FFF7BD
:105460008BFBFFF7C1FE03E0FEF758FB00B100E045
:10547000FAE700BFB9E700F0FFF9801C40BB00204D
:1054800016490880FEF7F0FF214837233C2200210F
:1054900000900846FFF78AFD1EA3082200213D2048
:1054A000FFF76AFB26A3082210213D20FFF764FBCB
:1054B00020A3082228214D20FFF75EFBFFF794FE72
:1054C00003E0FEF72BFB00B100E0FAE700BF8CE73A
:1054D000FFF78AFE83E70000A000002030000020D4
:1054E000B8000020B9000020BA000020BB00002056
:1054F000B4000020B5000020B6000020B700002056
:10550000BD000020BE0000209E0000202B9F000850
:10551000259D0008E6B8B8E6888FE7BB93E69D9F17
:1055200000000000E58FB3E696B9E88EB7E8839CEB
:1055300000000000E8AFB7E8BF94E59B9E000000C4
:10554000E5B7A6E696B9E88EB7E8839C00000000B0
:1055500008B5654A1278521ED1B2644A1278521EBA
:10556000D0B203231A46FEF793FF604800786049E3
:105570000978084440B25D4908705B4800785D498D
:105580000978084440B2584908705B4807231A4616
:105590000F2100903C20FFF709FD574807231A46CA
:1055A0002D2100903C20FFF701FD00F077F94F48D6
:1055B00090F9000075283DDB504890F900005049F3
:1055C00091F900100844484991F9001088421DDB08
:1055D0004A4890F900004A4991F90010401A42499E
:1055E00091F90010884211DCFF2041490870FAF758
:1055F00043FE032190FBF1F201FB1200401E3A49E9
:105600000978084440B23849087008E0FF2038495A
:1056100008703B480078401E40B23949087039484C
:105620000078002847D00120324908700020354911
:10563000087040E02D4890F900000B283BDC324810
:1056400090F90000314991F900100844264991F978
:10565000001088421DDB2C4890F900002B4991F97D
:105660000010401A204991F90010884211DC0120F5
:105670001F490870FAF700FE032190FBF1F201FBCD
:105680001200401E18490978084440B216490870B3
:1056900008E00120164908701C480078401E40B2FE
:1056A0001A4908701748007828B10120114908707C
:1056B0000020144908700C4890F900003B2804DAD7
:1056C000094890F90000052805DC0A4800784042A6
:1056D00040B208490870044A1178044A107801233E
:1056E0001A46FEF777FF08BDB5000020B400002081
:1056F000B6000020B7000020249F0008B900002059
:10570000BB000020BD000020B8000020BA0000202F
:1057100010B554480078544A1278801A401EC1B21D
:10572000122301220820FEF7B3FE50480078504AA9
:105730001278801A401EC1B2122301227820FEF78F
:10574000A7FE80214B48FDF716FDA8B94548007813
:10575000401E40B243490870084690F90010424884
:1057600090F90000801C814222DC3F480078801CB8
:1057700040B23C4908701BE020213E48FDF7FBFC8D
:10578000B0B938480078401C40B2364908703648F5
:1057900090F90000C0F13E0091F90010884207DC4A
:1057A000314890F90000C0F13E0040B22D49087028
:1057B0002C4800782C4A12781044C3B2294800784B
:1057C000294A1278801AC1B208221046FEF7B2FFA9
:1057D0004FF480512748FDF7CEFCA0B9234800784C
:1057E000401E40B221490870084690F90010204838
:1057F00090F90000801C814205DC1D480078801C67
:1058000040B21A4908704FF400511A48FDF7B3FC32
:10581000B0B916480078401C40B2144908701448CA
:1058200090F90000C0F13E0091F90010884207DCB9
:105830000F4890F90000C0F13E0040B20B490870DB
:105840000A4800780A4A12781044C3B20748007820
:10585000074A1278801AC1B278221046FEF76AFF12
:1058600010BD0000B8000020BA000020B9000020E0
:10587000BB000020000C014006480078012801D13F
:10588000801E704704480078012801D1C01EF8E747
:1058900000BFF6E7BA000020BB00002010B5694841
:1058A00090F90000002863DD674890F900003D286A
:1058B0002EDB654890F90000412829DC634890F907
:1058C0000000162804DC614890F900000F2809DA6E
:1058D0005E4890F9000034281ADC5C4890F900001A
:1058E0002D2815DB0120FCF7B7FB0446FAF710FD65
:1058F000FAF7C2FC032190FBF1F201FB12005449BC
:1059000008705449524A127851F82200804710BD5D
:105910005148007800282AD04B4890F900003D28D3
:1059200025DB494890F90000422820DC474890F9DF
:1059300000001F281BDB454890F9000024287EDC6E
:10594000002045490870454890F90000082805DA0C
:1059500042480078401C40B24049087005231A466E
:105960001F213D20FEF794FD00203D49088066E0A0
:10597000344890F90000002861DA334890F90000BB
:1059800041282EDB304890F90000462829DC2F48BA
:1059900090F90000162804DC2C4890F900000F282C
:1059A00009DA2A4890F9000034281ADC274890F9CF
:1059B00000002D2815DB0120FCF74EFB0446FAF70A
:1059C000A7FCFAF759FC032190FBF1F201FB12004E
:1059D0001F4908701F491E4A127851F8220080475B
:1059E00095E71D48007850B3174890F900003D280E
:1059F00025DB154890F90000422820DC134890F977
:105A000000001F281BDB114890F90000242816DC39
:105A1000002011490870134890F90000082805DAA1
:105A200010480078401C40B20E49087005231A4601
:105A30001F213D20FEF72CFD00200949088000BFF2
:105A400065E70000B6000020B4000020B50000208B
:105A5000BC000020C0000020BE000020BA000020D2
:105A60009E000020BB00002003480078404240B266
:105A70000149087070470000B70000200348007813
:105A8000404240B20149087070470000B600002053
:105A900002200449087000200349087001200349CE
:105AA00008707047B6000020B7000020BD0000203D
:105AB00001460020034A506820F4404008435060EB
:105AC000704700000010024029B1064AD269024323
:105AD000044BDA6104E0034AD2698243014BDA6184
:105AE000704700000010024029B1064A9269024343
:105AF000044B9A6104E0034A92698243014B9A6124
:105B0000704700000010024010B50146002200233B
:105B100000204A11012A02D1094C236806E0022A1A
:105B200002D1074C236A01E0054C636A01F01F02B1
:105B3000012494401C400CB1012000E0002010BD65
:105B40000010024001490860704700008004424292
:105B500001490860704700003C0442420249096A5A
:105B60000143014A116270470010024010B50C4811
:105B7000007828B10B48007810B901200949087055
:105B8000022000F03FF84FF40030FCF767FF00F010
:105B9000B3F8022000F010F800F0AEF810BD0000DD
:105BA0000500002004000020024909888143014AC1
:105BB0001180704704280040024909888143014A46
:105BC00011807047042800400348008840F010000E
:105BD00001490880704700000428004003480088FD
:105BE0004FF6EF71084001490880704704280040D3
:105BF000002103480188001F008841EA00407047E7
:105C00001C28004001460020064A12880A40D0B2F3
:105C1000044A121F12880A4012B108B1012000E0A4
:105C2000002070470428004010B50120FFF7EAFF6C
:105C30000120FFF7C1FF00F05FF810BD0EB5032093
:105C40008DF8080002208DF8090001208DF80A0067
:105C50008DF80B0002A8FEF767FB29208DF80800DD
:105C600001208DF8090002208DF80A0001208DF82E
:105C70000B0002A8FEF758FB4FF40030FCF7EEFED5
:105C800000208DF804004FF40030009008208DF8BB
:105C9000050001208DF806006846FCF7F9FE0EBDF0
:105CA00000B50246FFF790FF100C03490880091D5C
:105CB0000A80FFF793FF00BD2028004000B5024690
:105CC000FFF782FF100C03490880091D0A80FFF7C7
:105CD00085FF00BD1828004000B50246FFF774FF9D
:105CE000C2F3034003490880091D0A80FFF776FFCD
:105CF00000BD00000828004000BF0348008800F0F5
:105D000020000028F9D07047042800400748008888
:105D10004FF6F77108400549088000BF0348008826
:105D200000F008000028F9D0704700000428004067
:105D300070B5FAF7A1FA0446FAF7EAFAFAF79CFA0C
:105D40000446C01704EB5070C010A4EBC005FAF76E
:105D500093FA0446C01704EB10700011A4EB001670
:105D600011E0FAF789FA0446C01704EB5070C0102E
:105D7000A4EBC005FAF780FA0446C01704EB1070D4
:105D80000011A4EB0016064800EB0510805D00280A
:105D9000E7D10220024901EB0511885570BD0000D2
:105DA000680100200748007800F00100404200F43C
:105DB00034400449098880EA6100024908800846A5
:105DC0000088704700000020FE480088002856D157
:105DD000FD48008818B1FC480088022823D1FB4800
:105DE0000088801CF949088008464088801C48804B
:105DF00008468088401C88800846C088401C81B2C4
:105E0000F248C1800089F1490881084641894181F1
:105E10008089401EED4988810846C089401E81B2B4
:105E2000EA48C181C2E2E8480088012803D0E64878
:105E300000880328F6D1E5480088801EE3490880E1
:105E400008464088801E488008468088401E88801A
:105E50000846C088401E81B2DC48C1800089DB4909
:105E600008810846418941818089401CD749888141
:105E70000846C089401C81B2D448C18196E2D1480D
:105E800000880128CED0CF480088022876D1CE489D
:105E9000008818BBCD480088401CCC4908800846C3
:105EA0004088401C488008468088401C88800846FE
:105EB000C088401E81B2C548C1800089C34908819D
:105EC0000846418941818089401EC0498881084631
:105ED000C089401C81B2BD48C18167E2BA480088D0
:105EE000012823D1B9480088401EB84908800846D7
:105EF0004088401C488008468088401C88800846AE
:105F0000C088401C81B2B148C1800089AF49088176
:105F10000846418941818089401EAC4988810846F4
:105F2000C089401E81B2A948C1813FE2A6480088CD
:105F3000022824D1A5480088401EA44908800846AC
:105F40004088401E488008468088401E8880084659
:105F5000C088401C81B29D48C18000899B4908814E
:105F60000846418941818089401C984988810846BA
:105F7000C089401E81B29548C18117E223E0934851
:105F80000088401C9149088008464088401E48808F
:105F900008468088401E88800846C088401E81B21E
:105FA0008A48C18000898949088108464189418120
:105FB0008089401C854988810846C089401C81B27F
:105FC0008248C181F2E17F480088032850D17E4891
:105FD000008818B17C480088022820D17B480088BE
:105FE000401C7A49088008464088401E4880084680
:105FF000808888800846C188C1800089401E734916
:10600000088108464089401E81B2704841818089DC
:10601000801E6E4988810846C189C181C6E16A48EF
:106020000088012803D0684800880328A5D1674864
:106030000088401E6549088008464088401C48800A
:106040000846808888800846C188C1800089401C35
:106050005E49088108464089401C81B25B48418105
:106060008089801C594988810846C189C1819DE188
:1060700054480088042854D15348008818B1524825
:106080000088022822D151480088401C4F490880CE
:1060900008464088401C488008468088888008461A
:1060A000C088801C81B24948C1800089401C474992
:1060B000088108464089401E81B244484181808958
:1060C000424988810846C189C1816FE13E48008804
:1060D000012803D03C48008803289FD13B48008812
:1060E000401E3A49088008464088401E48800846BD
:1060F000808888800846C088801E81B23348C1806D
:106100000089401E3149088108464089401C81B2FF
:106110002E48418180892D4988810846C189C181E5
:1061200044E12848008805287DD12748008818BB0D
:1061300026480088401C2549088008464088401CA5
:10614000488008468088801C88800846C088801E59
:1061500081B21E48C1800089401C1C490881084644
:106160004089401E81B21948418180891749888140
:106170000846C189C18119E11348008801282AD144
:1061800012480088401E1149088008464088401C7B
:10619000488008468088801C88800846C088801C0B
:1061A00081B20A48C1800089401C0849088108461C
:1061B0004089401C81B2054841818089034988811A
:1061C000084605E0AA000020AE00002038020020AA
:1061D000C189C181EAE07D480088022824D17C4839
:1061E0000088401E7A49088008464088401E488042
:1061F00008468088801E88800846C088801C81B23E
:106200007348C1800089401E714908810846408951
:10621000401C81B26E48418180896D498881084661
:10622000C189C181C2E023E069480088401C6849F7
:10623000088008464088401E488008468088801EA6
:1062400088800846C088801E81B26148C18000896C
:10625000401E5F49088108464089401E81B25C4863
:10626000418180895A4988810846C189C1819DE060
:10627000584800880628ADD15448008818BB5448B7
:106280000088401C5249088008464088401C4880CD
:106290000846808888800846C188C1800089401EE1
:1062A0004B49088108464089401C81B248484181D9
:1062B0008089801E464988810846C089801C81B239
:1062C0004348C18172E041480088012823D14048F9
:1062D0000088401E3E49088008464088401C48808F
:1062E0000846808888800846C188C1800089401E91
:1062F0003749088108464089401E81B234484181AF
:106300008089801E324988810846C089801E81B2FA
:106310002F48C1814AE02D480088022823D12C480B
:106320000088401E2A49088008464088401E488050
:106330000846808888800846C188C1800089401C42
:106340002349088108464089401E81B22048418186
:106350008089801C1E4988810846C089801E81B2C0
:106360001B48C18122E01A480088401C1849088057
:1063700008464088401E4880084680888880084635
:10638000C188C1800089401C1149088108464089A4
:10639000401C81B20E4841818089801C0C49888153
:1063A0000846C089801C81B20948C181074800881D
:1063B000032803D100200549088005E00348008830
:1063C000401C00B20149088070470000AE00002068
:1063D00038020020AA0000202DE9FF4105463E4872
:1063E000B0F9006001273D48006800903B484068D4
:1063F00001903A48806802903848C06803900024B1
:1064000014E0364A02EB8402927802EB4202921CBC
:10641000D1B2324A12F8242002EB42022832D0B222
:1064200003231A46FEF734F8601CC4B2042CE8DBE0
:10643000052D08D1002403E0FFF7C6FC601CC4B2A0
:10644000032CF9DB03E0062D01D1FFF7BDFC00248E
:106450002DE0224830F82400002804DB1F4830F8E3
:1064600024000B2801DD002723E01C4800EB8400FA
:106470004088002805DB194800EB84004088132879
:1064800001DD002715E0154800EB8400408800EB93
:106490004000134901EBC000104931F8241030F8D6
:1064A0001100012801D1002703E0601CC4B2042CB4
:1064B000CFDB00BF5FB909480099016001994160D5
:1064C000029981600399C16030B20349088000F0ED
:1064D0006DFDBDE8FF810000AE0000203802002005
:1064E00058020020704710B500F002F810BD0000FF
:1064F0000CB50020019000903348006840F48030D3
:106500003149086000BF3048006800F40030009056
:106510000198401C0190009818B90198B0F5A06F3F
:10652000F1D12948006800F4003010B1012000903A
:1065300001E0002000900098012843D12348006822
:1065400040F01000214908600846006820F0030070
:1065500008600846006840F0020008601A48406879
:10656000194948600846406848600846406840F459
:10657000806048600846406820F47C104860084607
:10658000406840F4E81048600846006840F08070B9
:10659000086000BF0C48006800F000700028F9D0C7
:1065A0000948406820F003000749486008464068F1
:1065B00040F00200486000BF0348406800F00C0053
:1065C0000828F9D10CBD0000001002400020024054
:1065D00038B51023742230210020FEF7E7FA2E4848
:1065E00000882EA30822302100904820FEF7C4FA2C
:1065F0001023202230214920FEF7D8FAFEF7F4FDBF
:1066000048E0FDF7FFF90446032C1FD1224800881B
:1066100042F20F71884204DA1F480088401C1E496C
:1066200008801D4800881DA30822302100904820C2
:10663000FEF7A2FA1023202230214920FEF7B6FAF5
:106640001023202230214920FEF7E2FD042C1DD129
:1066500011480088002804DD0F480088401E0E49BC
:1066600008800D4800880DA30822302100904820A2
:10667000FEF782FA1023202230214920FEF796FAF5
:106680001023202230214920FEF7C2FDFDF746FAF3
:1066900000B138BDB5E70000680000202534640073
:1066A000F8B50024FDF7E0FE082353A201211620CF
:1066B000FEF73AFD082353A214212620FEF734FDED
:1066C00099E0FDF7E9F80546012D07D1601CC4B239
:1066D000062094FBF0F100FB1140C4B2022D07D15B
:1066E000601EC4B2062094FBF0F100FB1140C4B25E
:1066F000FDF748FD082000904548B0F9002004232C
:1067000001211620FEF7EAFC082000904048B0F96D
:106710000220022301213E20FEF7E0FC0820009029
:106720003B48B0F90420022301215620FEF7D6FC95
:10673000082000903648B0F90620022314212620B4
:10674000FEF7CCFC082000903148B0F90820022365
:1067500014213E20FEF7C2FC082000902C48B0F91E
:106760000A20022314215620FEF7B8FC2CB90F236F
:10677000102201211620FEF719FA032094FBF0F0F5
:1067800000EB8000012101EB8000C6B2032094FBE6
:10679000F0F100FB114000EB4000C0002630C7B212
:1067A0000F23102231463846FEF700FAFDF72AF98A
:1067B0000546032D0AD1164830F81400401C00B2DB
:1067C000134921F81400FDF707FD0BE0042D09D152
:1067D0000F4830F81400401E00B20D4921F8140093
:1067E000FDF7FAFCFEF700FDFDF798F910B9FDF78B
:1067F000A1F900B1F8BD64E7585858582D58582DE4
:106800005858000058583A58583A58580000000054
:106810005C00002010B51048C08801280BD1022070
:106820000D49C88000F07AF900200C4908800CA0BE
:106830000E49C8600EE00848C08802280AD101202D
:106840000549C88000F06AF901200449088008A0C1
:106850000649C86010BD0000380100202E0000204D
:10686000E99D99E99FB35BE5BC805D00E4000020F1
:10687000E99D99E99FB35BE585B35D0010B51A48C2
:106880004088012808D102201749488000F046F9C5
:1068900016A01C49886125E013484088022808D1C9
:1068A00003201149488000F039F917A01549886183
:1068B00018E00D484088032808D104200A49488080
:1068C00000F02CF916A00F4988610BE006484088BB
:1068D000042807D101200449488000F01FF916A0C0
:1068E0000849886110BD000038010020E58589E66F
:1068F000A087E9A38EE6A0BC5BE9BCA0E6A0875D0B
:1069000000000000E4000020E58589E6A087E9A3F7
:106910008EE6A0BC5BE79FA9E5BDA25D000000007C
:10692000E58589E6A087E9A38EE6A0BC5BE788B190
:10693000E5BF835D00000000E58589E6A087E9A347
:106940008EE6A0BC5BE58F8DE79BB85D0000000084
:1069500010B51E48808801280FD102201B4988806D
:1069600000F0DCF810201A4908704FF081401949F6
:10697000086019A01D49486226E014488088022852
:106980000FD103201149888000F0C8F80120104978
:1069900008704FF083400F49086015A01349486202
:1069A00012E00A48808803280ED101200749888018
:1069B00000F0B4F80820064908704FF082400549FD
:1069C000086010A00949486210BD0000380100208D
:1069D000CD000020D0000020E58AA8E794BBE98024
:1069E0009FE5BAA65BE685A25D000000E4000020FA
:1069F000E58AA8E794BBE9809FE5BAA65BE585B385
:106A00005D000000E58AA8E794BBE9809FE5BAA68F
:106A10005BE5BFAB5D00000010B5024801F084F8F3
:106A200010BD0000E400002010B53748FDF75CFB06
:106A30004AF2A551884227D03348FDF73FFB4AF27E
:106A4000A5513148FDF744FB042407E02E4901EB32
:106A500044000021FDF73CFB601C84B2182CF5DBE0
:106A600001202A4948808880C88001212648801C4E
:106A7000FDF72EFB01212448001DFDF729FB012114
:106A80002148801DFDF724FB002209E01E4901EB8F
:106A90004200FDF729FB1D4921F81200501C82B26B
:106AA000182AF3DB1948C088012802D11849088048
:106AB00006E01648C088022802D100201449088048
:106AC00012488088012807D10820124908704FF029
:106AD00082401149086016E00C488088022807D1DE
:106AE00010200C4908704FF081400B4908600AE003
:106AF00006488088032806D10120064908704FF017
:106B000083400549086010BDD0FF0008380100200F
:106B10002E000020CD000020D000002010B5094834
:106B2000FDF7CCFA002409E0074A32F81410054AB0
:106B300002EB4400FDF7CCFA601C84B2182CF3DBA6
:106B400010BD0000D0FF0008380100207047000091
:106B500010B51348006840F001001149086008466C
:106B60004068104908400E494860084600680E49D0
:106B700008400B4908600846006820F4802008603F
:106B80000846406820F4FE0048604FF41F0088600B
:106B9000FFF7A9FC4FF000600449086010BD000039
:106BA000001002400000FFF8FFFFF6FE08ED00E0D5
:106BB00010B50121880700F05FF901286FD18E48D8
:106BC0000088012810D18D480088401C8B4908801E
:106BD000084600888A490988884205DB00208749E1
:106BE000088001208749088087480078401CC0B28F
:106BF00085490870232801D1002008708348007857
:106C0000401CC0B281490870022801D100200870E0
:106C10007F480078401C7E4908700846007832287A
:106C200062D17C48007880F001007A4908707A4887
:106C30000078012824D17948007878B9784800781C
:106C400060B978480078401C76490870084600789A
:106C5000082815D101207149087011E06F480078AB
:106C600001280DD16F480078401E6E490870084613
:106C7000007828B900206949087001206849087027
:106C80006848007809282BD2DFE800F0050A0E12C8
:106C9000161A1E22260000206349087020E0A9E091
:106CA0000620614908701BE00A205F49087017E060
:106CB0000F205D49087013E012205B4908700FE057
:106CC0001520594908700BE017205749087007E054
:106CD00019205549087003E019205349087000BF76
:106CE00000BF00204A49087050480088401C4F49A6
:106CF0000880084600884E490988884239DBF9F740
:106D0000BBFA032190FBF1F201FB12004849088015
:106D100008460088401C08800846008845490988C4
:106D2000484343490880F9F7A7FA0446F9F7F0FA0F
:106D3000F9F7A2FA032190FBF1F201FB12003E49A0
:106D400008700846007820B1012806D002280CD12E
:106D500007E000203949087007E000203849087032
:106D600003E000203749087000BF00BF00202F4912
:106D7000088035480078401C334908700846007880
:106D8000C82833D131480088401C30490880084663
:106D90000088322804D12E480078401C2C49087005
:106DA0002A480088642808D129480078401C2849CE
:106DB00008704FF4FA701F4908802448008896280C
:106DC00008D123480078401C214908704FF44870CE
:106DD000184908801D480088C82804D11C4800783C
:106DE000401C1B49087000201749087001218807C2
:106DF00000F033F810BD0000300000209C0000209F
:106E0000A00000209E00002095000020900000209F
:106E10007F0000207B0000207C0000207E000020FE
:106E2000800000207D0000207A0000208E000020DD
:106E300082000020840000208600002088000020BE
:106E40008A0000208C0000207000002072000020CA
:106E500096000020CA4302827047CA4302827047EC
:106E600021B1028842F00102028004E002884FF65C
:106E7000FE731A400280704730B50246002000239E
:106E80000024158A05EA0103958905EA010413B176
:106E90000CB1012000E0002030BD1AB183890B4302
:106EA000838102E083898B438381704701894FF698
:106EB000F872114001817047002202881D4B9842F0
:106EC0000ED01D4B98420BD0B0F1804F08D01B4B19
:106ED000984205D01A4B984202D01A4B984204D1DE
:106EE0004FF68F731A404B881A43174B984207D0BE
:106EF000164B984204D04FF6FF431A40CB881A43F2
:106F000002808B8883850B8803850A4B98420BD0BF
:106F1000094B984208D00E4B984205D00D4B984231
:106F200002D00D4B984201D10B7A03860123838254
:106F300070470000002C0140003401400004004074
:106F400000080040000C0040001000400014004009
:106F500000400140004401400048014038B5002491
:106F60001EE0002518E004EB44000F4901EBC000CF
:106F700030F8150001280DD1002004EB4402921CCA
:106F8000D1B205EB450228320090D0B203231A4655
:106F9000FDF7B4FC681C85B20C2DE4DB601C84B2E8
:106FA000142CDEDB38BD00005802002038B5002468
:106FB00016E000200C4A02EB84020090927802EB6B
:106FC0004202921CD1B2084A12F8242002EB42027B
:106FD0002832D0B203231A46FDF790FC601C84B21D
:106FE000042CE6DB38BD00003802002038B512233F
:106FF0001A4610215720FDF74BFA002418E0002014
:107000000D4A02EB8402009092780F2303EB4202B8
:10701000521DD1B2084A12F82420562303EB420233
:10702000D21ED0B203231A46FDF768FC601C84B25E
:10703000042CE4DB38BD00004802002010B5FCF74A
:1070400091FF012823D1FBF76DFD002414E0124AC3
:1070500002EB8402927802EB4202921CD1B20E4AF9
:1070600012F8242002EB42022832D0B203231A463F
:10707000FDF70EFA601C84B2042CE8DB00F09AFAEB
:10708000FCF708FBFFF7B2FFFFF768FF03E000F033
:1070900041F8FFF78BFF10BD3802002038B50024FF
:1070A0000DE0002508E0002004EB4401174A02EB44
:1070B000C10121F815006D1C0C2DF4DB641C142C8F
:1070C000EFDBFCF7E7FA00F075FAFCF7E3FA0020D3
:1070D0000F49088014231A460F2100905620FDF70F
:1070E0000DFC002014231A46282100905620FDF79D
:1070F00005FCFFF77BFF0620032300900448B0F94E
:1071000000202E215720FDF7E9FF38BD580200204E
:10711000A800002010B5002414E0164A02EB8402F7
:10712000927802EB4202921CD1B2124A12F8242049
:1071300002EB42022832D0B203231A46FDF7A8F927
:10714000601C84B2042CE8DB0A484088401C0949D2
:1071500048800846C088401C81B20648C1804089EA
:10716000401C81B203484181C089401C81B2014862
:10717000C18110BD3802002010B53948008840B1E7
:107180003748808828B13648008910B13448808952
:1071900000B910BD3248408800EB4000314901EB96
:1071A000C0012F480088401E31F81000002854D13B
:1071B0002B48C08800EB40002A4901EBC001284859
:1071C0008088401E31F81000002846D124484089AC
:1071D00000EB4000234901EBC00121480089401E1B
:1071E00031F81000002838D11D48C08900EB40005C
:1071F0001C4901EBC0011A488089401E31F810007B
:1072000058BB002414E0164A02EB8402927802EB89
:107210004202921CD1B2124A12F8242002EB42021E
:107220002832D0B203231A46FDF732F9601C84B22B
:10723000042CE8DB0A480088401E094908800846FB
:107240008088401E888008460089401E08810846C4
:107250008089401E8881FFF7A9FE00BF99E70000E2
:10726000380200205802002010B53B4800880B2847
:107270000BD0394880880B2807D0374800890B2865
:1072800003D0354880890B2800D110BD3248408892
:1072900000EB4000314901EBC0012F480088401C41
:1072A00031F81000002854D12B48C08800EB400072
:1072B0002A4901EBC00128488088401C31F81000A1
:1072C000002846D12448408900EB4000234901EBC7
:1072D000C00121480089401C31F81000002838D135
:1072E0001D48C08900EB40001C4901EBC0011A4851
:1072F0008089401C31F8100058BB002414E0164A65
:1073000002EB8402927802EB4202921CD1B2124A42
:1073100012F8242002EB42022832D0B203231A468C
:10732000FDF7B6F8601C84B2042CE8DB0A4800883C
:10733000401C0949088008468088401C888008460F
:107340000089401C088108468089401C8881FFF71D
:107350002DFE00BF99E700003802002058020020EF
:1073600038B5FDF781F80024FFF798FE4FF4FA7066
:107370005F49088001205F49088000203D232622C4
:10738000022100902720FDF7B9FAAFE0FCF752FA8E
:107390005949088008460088012805D1FFF764FF95
:1073A00000205549088008E053480088022804D18D
:1073B000FFF7E2FE002050490880FCF7B5FA4E497D
:1073C00008800846008828B10878FFF705F80020F3
:1073D00049490880FCF74EFB474908800846008869
:1073E000042804D1FFF72AFE0020434908804348BF
:1073F0000088012804D1FFF721FE00203F490880C2
:1074000002234A2219462820FDF794F9FDF7ECFEE5
:10741000002006E03A4931F8101021448CB2411C9A
:1074200088B20C28F6DB002C52D0002031490880AD
:107430003448C0893449B1F90010884205DA32482D
:1074400000883049C881FFF769FBFDF70DF82F4828
:1074500037233C22002100900846FDF7A7FD2CA30E
:10746000082200213D20FDF787FB2DA308221421CF
:107470003D20FDF781FB2DA3082228213D20FDF7AB
:107480007BFB0620032300901F48B0F900201A213F
:107490006720FDF723FE062000901A48C2890323C7
:1074A0002E216720FDF71AFEFDF79EFE0DE0FCF78A
:1074B00041FB18B100200F49088007E0FCF72EFBC4
:1074C00018B100200B49088000E0F0E700BF38BD8C
:1074D000FCF730FB18B1002006490880F7E7FCF7FD
:1074E0001DFB18B1002003490880F0E74EE70000BB
:1074F000A000002030000020B00000209E000020EE
:107500005802002038010020A8000020259D000816
:10751000E6B8B8E6888FE7BB93E69D9F00000000C1
:10752000E5BE97E588863A2000000000E69C80E9E9
:10753000AB983A20000000001FB501210846FEF775
:10754000C3FA4FF08040FFF7B1FC0020ADF80A000D
:10755000ADF8060040F2E730ADF808004720ADF87E
:10756000040000208DF80C0001A94FF08040FFF7C7
:10757000A3FC01218807FFF76DFC0122114690074B
:10758000FFF78BFC4FF4A060FCF706FF1C208DF882
:10759000000001208DF8030002208DF80100012079
:1075A0008DF802006846FCF7BFFE01218807FFF74F
:1075B00057FC1FBD1248B0F9000012490880002096
:1075C0001149088011480088114908800F488088B7
:1075D00088800E48008908810C48808988810B4882
:1075E000408848800948C1880948C18007484189C6
:1075F000074841810548C1890548C181704700009D
:10760000AC000020AA000020AE00002048020020AC
:107610003802002000BFFEE7490050EAC12018BF31
:1076200004204A0D18BF40F0010040F2FF72B2EB97
:10763000515F08BF40F00200012808BF05207047D5
:1076400030380A2801D2012070470020704700001E
:107650003EB50020019002900224FCF705FF0823AC
:10766000DFA206210120FDF75FFDFDF7BDFDB6E1BC
:10767000E0480078002872D0FEF7BAFADE490968BF
:10768000081A401CDD49086008460068DC490968A2
:10769000884202D90020D9490860D84800684FF4D0
:1076A0006161B0FBF1F5082002232A460621009013
:1076B0003820FDF713FDD14800684FF46161B0FB3D
:1076C000F1F201FB12003C21B0FBF1F5082002238E
:1076D0002A46062100905020FDF700FDC7480068AB
:1076E0004FF46161B0FBF1F201FB12003C21B0FBF1
:1076F000F1F201FB1205082002232A460621009020
:107700006820FDF7EBFCBF480078002874D000200B
:10771000BC490870B7490870B9490860ADF8040061
:10772000ADF80600ADF808000120B749087008233D
:10773000B6A21E210846FDF7F7FC0820012300220F
:10774000062100906820FDF7C9FCFDF74DFD4FF4C0
:10775000FA70B14908800120B049088046E052E043
:10776000AF480088012808D10121AE48FBF70EFD83
:10777000FAF776FF0020AA4908800121A948FBF703
:1077800003FDFCF757F8A8490870FCF7CDF8A649A7
:1077900009780844A4490870FCF734F9A24909782B
:1077A0000844A14908700846007860B10020964955
:1077B000087011235F221E210846FCF769FE002095
:1077C0009649088016E0FCF7B5F910B9FCF7A6F960
:1077D00060B100208C49087011235F221E210846E9
:1077E000FCF756FE00208D49088003E086480078AB
:1077F0000028B5D1DBE0FFE708238CA21E21084654
:10780000FDF792FCD3E008200090BDF9042002238C
:1078100006213820FDF762FC08200090BDF9062003
:10782000022306215020FDF759FC08200090BDF9E5
:107830000820022306216820FDF750FCFCF7E2F83F
:107840007949087008460078032819D101A830F852
:107850001400401C00B201A921F8140001A830F95D
:1078600014003C2803DD002021F8140008E001A8E2
:1078700030F91400002803DA3C2001A921F8140093
:1078800069480078042819D101A830F81400401E76
:1078900000B201A921F8140001A830F914003C2815
:1078A00003DD002021F8140008E001A830F91400DD
:1078B000002803DA3C2001A921F81400FBF7ECFFB3
:1078C0005949087008460078012805D1601CC4B2E7
:1078D000022C0ADD002408E053480078022804D175
:1078E000601EC4B2002C00DA022404EB44013822EA
:1078F00002EBC101C8B20F2310220621FDF756F991
:10790000FCF712F8484908700846007806280FD19D
:107910000220FEF749F90020ADF80400ADF806009A
:10792000ADF80800384908703249087034490860D9
:10793000FCF700F920B3BDF904004FF4616148433E
:10794000BDF90610C1EB011100EB8100BDF9081073
:1079500008442B4908600846006890B10120364968
:107960000870FEF745F9264909680844401E224977
:10797000086008460068FEF793F901201D49087069
:1079800015E008232DA220211E20FDF7CDFB10239A
:10799000482220211E20FDF73BFC4FF47A70FAF7B5
:1079A00018FF1023482220211E20FCF771FDFDF74F
:1079B0001BFCFCF7B3F890B10220FEF7F5F80020AD
:1079C000ADF80400ADF80600ADF808000E490870E7
:1079D000084908700A490860174908703EBD47E623
:1079E000E58092E8AEA1E697B63A20203A20203A08
:1079F00020200000140000200800002010000020BB
:107A00000C000020040000201500002054696D6562
:107A1000204F757400000000A000002030000020FE
:107A20009E000020000C014016000020436F756E80
:107A300074696E6700000000050000204572726FD7
:107A4000722021212100000010B50446FEF7AAF99A
:107A50000A2190FBF1F201FB1200A0B902201449A7
:107A600001EB0411C8810520114901EB0411888143
:107A700018200F4901EB0411088114200C4901EB77
:107A80000411488112E00120094901EB0411C88169
:107A9000074901EB041188810F20054901EB04110E
:107AA00008810E20024901EB0411488110BD00003D
:107AB0002802002000B599B06022044901A8F8F717
:107AC00045FC01A800F030F819B000BDE8A7000897
:107AD00001210807FDF7F8FFFFF72EFDFCF707FB74
:107AE000FCF7BCFFFCF732F8FAF7D0FAFEF79CFF80
:107AF00003E000F003F8FCF79BFBFAE700B58FB05A
:107B00003C2204496846F8F721FC684600F00CF86E
:107B10000FB000BD7CA7000810B5FBF7FFFF10BD3C
:107B200010B5FCF707F810BD2DE9FF5F05460126EB
:107B300000274FF000090024A24600BF601C40B29D
:107B4000044600EB400055F8200000782E28F5D1BF
:107B5000601E44B24FF000080EE008EB480155F8F3
:107B60002100FBF7CDFE08EB480105EB810108720F
:107B700008F101004FFA80F8A045EEDD4FF0000B50
:107B800003949AE1FCF770FCFBF792FF4FFA80FA3E
:107B9000BAF1040F02D14FF0010A04E0BAF1030F69
:107BA00001D14FF0FF3ABAF1000F14D007EB0A00F1
:107BB00047B206EB0A0046B2002E00DA0026A642C3
:107BC00000DD2646002F00DA0027032F00DD032703
:107BD000A74200DD2746F01B4FFA80F90398B9EB66
:107BE000000007D00398A9EB000000014FFA80FBCA
:107BF000CDF80C90BBF1000F0DD0584600F02CFCD6
:107C00000290AE480168029800F028FB804600F020
:107C1000E7FB4FFA80FB4FF0000815E009EB080086
:107C2000A04200DD13E009EB080000EB400055F82E
:107C300020200BEB0810C1B208230220FDF774FAD4
:107C400008F101004FFA80F8B8F1050FE6DB00BF3C
:107C5000380100F001FC9A49086006EB460105EB8B
:107C60008101097A042202EBC10000F0F5FB95497D
:107C70000860954801689248006800F0B5FC8046AD
:107C80004FF07E5100F07FFC1DD2904890F900002B
:107C900000F0E2FB01908C4801688948006800F020
:107CA000A3FC0090019900F0D9FA4FF07E510290A8
:107CB00000F066FA804684480168404600F060FAA9
:107CC000814908602CE0804801687D48006800F028
:107CD0008BFC80467E4900F0D7FB1DD27B4890F993
:107CE000000000F0B9FB0190774801687448006813
:107CF00000F07AFC0090019900F0B0FA4FF07E514C
:107D0000029000F071FC80466F480168404600F028
:107D100037FA6D49086003E0694800686A490860FD
:107D20006C4801686748006800F05EFC80464FF0D0
:107D30007E5100F028FC1DD2644890F9000000F04C
:107D40008BFB0190634801685E48006800F04CFCC2
:107D50000090019900F082FA4FF07E51029000F0FD
:107D60000FFA80465B480168404600F009FA59491D
:107D700008602CE0574801685248006800F034FC65
:107D80008046534900F080FB1DD2504890F9000016
:107D900000F062FB01904F4801684A48006800F01B
:107DA00023FC0090019900F059FA4FF07E510290A7
:107DB00000F01AFC804647480168404600F0E0F9B0
:107DC0004449086003E03F4800684249086042486F
:107DD0004088012811D13F48006800F01DFBC0B267
:107DE00002903948006800F017FB00F0FF081023EC
:107DF00041460020029AFCF7D9FE37484088022805
:107E000014D136493048006800F0BAF9019000F00A
:107E100003FB00F0FF082F48006800F0FDFAC0B235
:107E200006232FA241460290FDF77EF92A4840889A
:107E3000032812D12748006800F0EEFA00F0FF088E
:107E40002148006800F0E8FAC0B202900020102338
:107E5000424600900299FCF751FD1F4840880428D3
:107E600013D11948006800F0D7FAC0B2029019483F
:107E7000006800F0D1FA00F0FF081A4810230B2226
:107E8000009040460299FDF791F8FDF7ADF9FFF734
:107E900047FE70B106EB460005EB8000406830B14C
:107EA00006EB460105EB81014868804701E0BDE82B
:107EB000FF9FFFF731FE00B1F9E763E6D000002035
:107EC000E0000020D8000020DC000020CD000020D1
:107ED000000080BFD4000020380100200000A04036
:107EE0003C2D00000E9F000808B50020294908809D
:107EF000FCF7BAFAFAF714F94BE0062004230090D5
:107F00002448028838216620FDF7E8F821480088D7
:107F10001E2802DD022020490880FAF797F9FAF7B7
:107F2000EDFE1E481E4A0090917810781023122210
:107F3000FDF73CF81A4A9278521ED1B2184A1278CC
:107F4000521ED0B201231422FCF7A2FA144A9278EE
:107F5000521ED1B2124A1278521ED0B212230122FE
:107F6000FCF796FA0E4A9278521ED1B20C4A127859
:107F70001232D0B212230122FCF78AFAFAF7B0F9D2
:107F8000FDF732F9FBF7D6FD10B9FBF7C7FD00B1DD
:107F900008BDB2E7A4000020A6000020C99E00088A
:107FA000E801002038B5FCF75FFA082349A2062152
:107FB0000120FDF7B9F800204A49087088E04948D7
:107FC000007830B9FBF71EFD042802D10020464995
:107FD00008604648007801280CD143480068401CDE
:107FE00041490860002041490870FDF701FE044640
:107FF000FDF756FE3C4800684FF46161B0FBF1F4B8
:10800000082002232246062100903020FDF766F862
:10801000354800684FF46161B0FBF1F201FB1200DA
:108020003C21B0FBF1F408200223224606210090F7
:108030004820FDF753F82C4800684FF46161B0FB0D
:10804000F1F201FB12003C21B0FBF1F201FB120442
:10805000082002232246062100906020FDF73EF80A
:10806000FDF7C2F8FBF766FD38B31E48007880B90B
:1080700001201C4908701E490870FDF7B9FD04462F
:10808000FDF70EFE08231BA21E210846FDF74CF843
:1080900013E01448007801280FD10020114908701E
:1080A00013490870114908700220FDF77DFD08236F
:1080B00013A21E210846FDF737F8FBF72FFD28B164
:1080C00000200B4908700849086038BDFDF78CF89E
:1080D00075E7000074696D65203A20203A20203A47
:1080E00020200000240000201C00002004000020AC
:1080F00005000020436F756E74696E670000000014
:1081000020202020202020200000000000B58DB07D
:108110003022044901A8F8F719F901A8FFF704FD76
:108120000DB000BDB8A7000810B500290AD0087826
:10813000002807D005487844F8F73AF9002801D01C
:10814000002010BD0248784410BD00002A2900001C
:108150002229000010B500290AD00878002807D08D
:1081600005487844F8F724F9002801D0002010BD14
:108170000248784410BD00001A29000012290000AE
:1081800090EA010F48BF81F0004100F13482421AA9
:108190003CBF801A89184FEAD0524FF07F4C1CEA3E
:1081A000410FA2EBD15318BF9CEA026F00F03B8055
:1081B0004FF0004C4CEA00204CEA012121FA03FC6C
:1081C00010EB0C0C1ED202F1FF325FEA1C2040EBD8
:1081D000C25038BF70471CF07F0F4FEA400C18BFE9
:1081E000BCF17F4F38BF7047C3F12003994008BFEF
:1081F00020F00100BCF17F4F38BF7047A0F1C040B4
:1082000000F0BCB94FEA3C00000A40EBC25028BF66
:108210001CF0FF0F4FEA400CE6D018BFBCF17F4FB7
:1082200038BF7047EAE79CEA026F05D010EA5C0F9E
:1082300008BF00F00040704710B500F059F900BFCA
:1082400064FBBE3E401058BFC0F14040491058BFCB
:10825000C1F140418142EFF3008070474FF47F0C41
:108260001CEAD0121EBF1CEAD11392EA0C0F93EA4B
:108270000C0F00F0858090EA010F48BF42F4807235
:1082800040F4000C41F400002CF07F4120F07F40CE
:1082900000B58142A2EB03020FF2081CACEB504E7A
:1082A000C0F100009EF800E04FEA4E0E00FB0EFC0D
:1082B00038BF49004FEA2C1C02F5FA020CFB0EF302
:1082C0004FEACE1E4FEA112C4FEAC1210EEB635E3E
:1082D00042EB22420EFB0CFC4FEA1C5300FB031145
:1082E0004FEA112C4FEA01310EFB0CFC4FEADC4C3B
:1082F00000FB0C11C14228BF09184CEB03335DF899
:1083000004EB10EB410143EBC250B2F57C0F38BFD8
:10831000704729D512F0F00F1CBF00F1C04000F0EB
:1083200000407047008182838485868788898B8C92
:108330008D8E8F919293959697999A9C9D9FA0A2CE
:10834000A3A5A7A8AAACAEB0B2B3B5B7B9BCBEC01E
:10835000C2C5C7C9CCCED1D4D7D9DCDFE2E6E9ECBF
:10836000F0F3F7FAFE0000004FEA400C0CF1807CBD
:10837000BCF17E4F28BF7047B0F1C04000F0FEB89E
:1083800090EA010F0CEAD11348BF42F480726245B3
:1083900038BF634507D213F47F0F16D080EA01007F
:1083A00000F00040704710B500F0A2F8097EFC3ED6
:1083B00000F005B880EA010000F00040704780EA54
:1083C000010000F0004000F0D9B812F47F0F04BFA4
:1083D0000248704780EA010000F0D0B80000C07F7A
:1083E00041000B0ED3F19E0208D950F400034FEA6E
:1083F000032323FA02F048BF4042704710B500F053
:1084000077F800BF49922480002070476FF0004247
:1084100082EA200070470000C10DD1F19E0206DB08
:108420004FEA002343F0004323FA02F07047004272
:1084300007D54FEA4001B1F1FE4F02D24FF00000E4
:10844000704710B500F054F849922480002070471E
:108450006FEA20007047000010F0004148BF404222
:10846000B0FA80F310FA03F2C3F19D030BD051EA86
:10847000C35101EB1220530638BF704700F10100D1
:1084800008BF20F00100704750EA010C00F1138092
:108490001CF5000F58BFBCF5000F01D4884270478F
:1084A00007D710F5000F58BF11F5000F15D48842FB
:1084B0007047894270471CF5000F04D5BCF5000FCA
:1084C000F7D5814270474FF0807C1CEB400F38BFDE
:1084D0001CEB410F01D28142704710B500F008F843
:1084E000922449004FF000504FF08051FFF7AABE90
:1084F0000EF1020E2EF0030E5EF8044B244204D45B
:108500004FEA4102B2F17F4F11D84FEA4003B3F175
:108510007F4F0CD80ED14FEAD07CB2F17F4F0CEBDD
:108520004C0C0CF1020C08BF4CEBD17C04E04FF07A
:10853000080C01E04FEAD17C0CEB4C0324FA03F465
:1085400004F00704B4F1040C06D20EEB840CBDE871
:1085500010404CF0010C6047DFE80CF00708020205
:108560004FF00040A0F5800010BD0846420018BF43
:10857000D2F1807288BF00F0004010BDFF2141EAB7
:10858000D050C005704751EA000C00F113801CF573
:10859000000F58BFBCF5000F01D48142704707D7C8
:1085A00011F5000F58BF10F5000F15D48142704728
:1085B000894270471CF5000F04D5BCF5000FF7D5B4
:1085C000884270474FF0807C1CEB410F38BF1CEB9A
:1085D000400F01D28842704780EA010081EA000121
:1085E00080EA0100FFF779BF90EA010F48BF81F0F0
:1085F00000413FF5CCAD421A04D882F00042A0EB16
:10860000020011444FEAD0524FF07F4C1CEA410F58
:10861000A2EBD15318BF9CEA026F4AD04FF0004C36
:108620004CEA00204CEA012121FA03FCB0EB0C0CCF
:108630000FD412F0FE0F36D05FEA4C001DD50012A9
:1086400040EBC25038BF70471CF03F0F18BF704757
:108650000BE0A2F101025FEA1C2040EBC25038BFE0
:1086600070471CF07F0F18BF7047C3F1200399407B
:1086700014BF401E20F00100704780084FEA12230B
:1086800008BF7047B0FA80FCA2EB0C02CCF1280CBA
:1086900060FA0CF093EA122F04BF00EBC25070474F
:1086A0004FEAC3707047130A5FEADC1008BF7047D7
:1086B000F6E79CEA026F04D010EA5C0F08BF0020C6
:1086C000704710B5FFF714FF40DFF63E81F0004021
:1086D0007047F8F712BCF8F747BD00000000000033
:1086E0000000FFFFFFFFFFFFFFFF00304A4A4C483A
:1086F0003000FF81BDA5A5BD81FF007E425A5A42D0
:108700007E0000304A4A4C4830004042CC000044D1
:108710005454547F54545444400000007F201000AF
:10872000FF15151555957F000000E8AFB700101034
:1087300010FF9020988888E98E8888A898000242C7
:10874000817F000080844B28102847800000E68C41
:1087500089000434C404C43C0004FC040404C43C84
:10876000000040300C030C30804020130C132040DC
:108770008000E58F8C004030EF242480E49C10546E
:1087800054FF547C100001017F21512618274445D5
:10879000455F45454400E994AE00404042CC0000AE
:1087A000FF4949C949497F8000000040201F2040FF
:1087B0005F484440414245584000E9808000000045
:1087C0007C40404040FF40404040FC000000007CB6
:1087D00040404040407F4040404040FC0000E58732
:1087E000BA00001088C43200BEAAAAAAAAAABE0073
:1087F00000000001007F00020A120242427F0202D2
:108800000000E5BE9700008040A0988680808086AA
:1088100098204080000000402010080700004040E1
:108820003F0000000000E5888600001090FE905098
:10883000444444C44444444000000002017F001109
:108840000C43407F000106180000E6A087000040AE
:1088500084081000F8888888FE88883800000000A6
:10886000300C43304F40232C102847400000E6B323
:10887000A20000007C40404040FE404040407C0060
:108880000000003E20202020203F20202020207EAD
:108890000000E587BA00004044C44444401010FE84
:1088A000101010F0000000080E09080A5C201807DC
:1088B0000040403F0000E58AA800000000F828289A
:1088C000F8AAACA8A8F8282800000040300F4042C1
:1088D000262A12122A2642400000E5BAA60000000D
:1088E00000FC24E42424242222E2020000000020D0
:1088F0001847402023140814232040400000E58F2F
:108900008D000000FE0212224282621A02FE000066
:10891000000000403F00100806010618001F2078E4
:108920000000E9A38E00001090FE90102010AE48C9
:10893000A818000000000002017F0001027D24242D
:10894000247D02020000E6A0BC0000001010121CF2
:1089500010F01018161010000000004141211109FC
:1089600007010709112141410000E585B3000040DE
:10897000444850C0407E40C0504844400000000081
:10898000402018070000003F404040700000E5858F
:1089900089000002E202F29292F29292F202E20264
:1089A000000000003F202F28282F28282F207F009C
:1089B0000000E794BB00001090FE901000FC04043F
:1089C00004FC000000000002017F0041300F0000A5
:1089D000003F40700000E69CBA000030A8663008F6
:1089E0004848487E484848080000002322121200E8
:1089F0007E22222222227E000000E7BB930000108C
:108A00000EF8080800FC44444444C404000000413B
:108A100039070931007F4444444447400000E79F40
:108A2000A90000E000FE10200808FE080808F80071
:108A300000000000007F00412119070107192141B2
:108A40000000E5BFAB0000E000FE102080BEAAAA37
:108A5000AAAABE8000000000007F0000434A5B2AF3
:108A60002A5B4A430000E685A20000809E92929213
:108A70009EC09E92B2D29E80000000047C4A4A4969
:108A8000780078494A4A7C040000E599A800000073
:108A900000000002CC30C0000000000000000040D8
:108AA00020100C03000000030C1020400000E5859E
:108AB000A50000F88888F8001090101010FE101023
:108AC0000000001F08081F0000000340407F000056
:108AD0000000E697B60000404044444444C4444487
:108AE000444440400000001008040340407F000060
:108AF000010204180000E7A4BA0000E89EC888201C
:108B000090A8A4A2242810A000000008087F040058
:108B10007F0A4A7F005F407F0000E8BE93000000AC
:108B20007C5454525040505454547C000000000077
:108B30007F2409027F200912001F20780000E9BC71
:108B4000A0000008C848484848FE48484848C808A7
:108B50000000002023120A06027F02060A122320C8
:108B60000000E69D9F00008084980008E82828FE09
:108B70002828E80800000040201F20504945437F76
:108B8000434549500000E9809F000000488808C81C
:108B9000384040FE2022AC2000000020100C0306CC
:108BA00018402017081621780000E6888F00001072
:108BB00010D0FE901000FC44444444FC000000042B
:108BC00003007F0001007F222222227F0000E79B1A
:108BD000B800008084FC8484FC84802010886600B7
:108BE00000000040201F00007F0000422110080606
:108BF0000000E5BDA200004084080010F29490201F
:108C00005E48C80800000000300C43300F203F02CF
:108C1000427F02020000E6B8B8000000F808080829
:108C200008FE08080808F800000000000702020219
:108C3000027F0202020207000000E4B8AD00000457
:108C40000404040404FC04040404040400002020BC
:108C500020202020203F2020202020202000E5B7B9
:108C6000A500000000FE52525252525252FE000025
:108C700000000808884F291909090919294F88088F
:108C80000800E585B700404042CC0040A09E8282AB
:108C9000829EA02020000000003F908840432C10BE
:108CA000284641808000E8AEBE00001715D5555714
:108CB000557D555755D5151700004040407F5555F7
:108CC00055555555557F40404000E7BDAE0020202A
:108CD000101028242229B2642810102020000080BF
:108CE000809F4141211D0121215F40800000E8B4A7
:108CF000AA0000FC0404FC20104C4B484848C8085B
:108D00000800000F04040F00304844424241404034
:108D10007000E590830000F808FF08F82018C808E4
:108D2000090E882818002063211F111930003F44C4
:108D3000424140407800E89B87008082827E424228
:108D4000807E122202FE0000C000403100003A4145
:108D500040445840407001093100E68190001010F5
:108D6000101010FF1010F0101116D01010008040DD
:108D70002018064120103F44424140407800E9BE9F
:108D80009900003E22E2223E000810FF00FFA010E2
:108D90000800407E403F22228042310F007F8081C8
:108DA000F200E8B7B3002424A4FE232200C0380058
:108DB000FF0008106000080601FF010681804040A6
:108DC00027100C030000E7A79200000424242424A9
:108DD00024FF242424242404000021211109FD83DC
:108DE00041230509112925414100E8A1A80080601F
:108DF000F80704645CC4644400F800FF000000004D
:108E0000FF002062221F1212004F807F0000E580C9
:108E10009200404042CC0040404040FF4040404033
:108E200040000000007F2010000000FF0000000054
:108E30000000E8AEA10000FC848484FC0010101047
:108E40001010FF101000003F1010103F000001062E
:108E500040807F000000E697B60002020202020294
:108E6000020202FE40A01008000000000000000006
:108E7000000000030C102142F000E9A39E00101036
:108E8000D0FF901000FE020202FE0000000004036A
:108E900000FF0083601F0000003F40407800E69C18
:108EA000BA0020202020202020FF20202020202069
:108EB000200080804020100C0300030C1020408014
:108EC0008000E5A4A700000000FF0808084040401B
:108ED000FF2022AC2000007F212121217F80402023
:108EE00017182641F000E68898004040C05F5555AD
:108EF000D5555555555F4040400020603F2515151C
:108F0000FF904729112D43808000E69C80000404D7
:108F10000404F49495969494F4040404040000FE6C
:108F200002027A4A4A4A4A4A7A0282FE0000E9ABC1
:108F3000980080642C342424EC322222322E23A286
:108F400060000041219189874D552525554D81802F
:108F50008000E788B1000000800000E002041800F3
:108F6000000040800000100C0300003F40404040E3
:108F7000407800010E00E5BF83004454547F5454F0
:108F800044202827E4342CE0000000FF1555957F8D
:108F9000000949897F09091F0100E99D99004040A6
:108FA00044445464454644645444444040000000F2
:108FB00000FF49494949494949FF00000000E99F2C
:108FC000B30080828282FE8282828282FE828282DC
:108FD0008000008040300F0000000000FF00000013
:108FE0000000E5BC80008060F807202424FE2220D9
:108FF000FF2021A620000000FF000444827F814062
:1090000027182641F000E4BF840000003E2222BE63
:109010006222223E22223E00000080848442454992
:1090200031211109050300000000E7BD970000048D
:10903000FF242424FF0400FC4444C4424000884828
:109040002F0909192FC8601F0000FF000000E696D5
:10905000AF000808080808F8898E888888880808FA
:10906000080000804020180700004080403F0000BA
:109070000000E696B900202020FF2020080808FF05
:10908000080808F800001030100F884821110D035F
:109090000D1121418100E59D97000000F888888826
:1090A00088FF88888888F800000000001F080808EA
:1090B000087F888888889F80F000E794B5008082C8
:1090C0008282828282E2A2928A868280800000006E
:1090D00000000040807F0000000000000000E5ADBF
:1090E0009000829292FE92928200829292FE9292DE
:1090F0008200080808141412169952321404080841
:109100000800E790B400404042CC00004A32222AD6
:10911000F121312D00000080403F408081BDA1A1A0
:10912000BFA1A1BD8100E981A500101010FF902012
:10913000984828090E2848A818000242817F00405C
:10914000404242427E4242424000E68EA7004040FA
:1091500042CC00808888FF8888FF88888000004093
:10916000201F2040504C4340405F40404000E8BF3B
:109170009B00404042CC0000FF4949C949497F80DB
:1091800000000040201F20405F48444041424558B5
:109190004000E980800000007C40404040FF4040AB
:1091A0004040FC000000007C40404040407F404088
:1091B000404040FC0000E587BA000040424458406F
:1091C000407F40405048C6000000004044444444B2
:1091D000444444444444FF000000E5BD93000808B3
:1091E000E8292E28E80808C80C0BE8080800000049
:1091F000FF0949897F00000F40807F000000E5895A
:109200008D000484E45C44C42010E82724E4342C5A
:10921000E00002017F10103F80601F09093F49896B
:109220007F00E7A1AE00404042CC0000000000FFFC
:109230000000000000000000003F904820180700D8
:10924000071820408000E8AEA400000000000001E4
:10925000E21CE000000000000000804020100C0331
:10926000000000030C3040808000E585A5004040F0
:1092700042CC0000FC24A4242222A362000000406F
:10928000201F205847504845424548504000E8BFFD
:1092900094000000FE0202F2121212F20202FE001C
:1092A000000000007F2020272424242720207F0086
:1092B0000000E59B9E000808C8484848C80808FF09
:1092C000080809CA08000020672424149790402148
:1092D00016182641F800E68896002030AC6310008E
:1092E000FE485040FF405048000022672212120002
:1092F0007F4442417F4142444000E7BBA700203009
:10930000AC6320182024A4243FA424A46000226776
:1093100022121212888A4C29180F1828C800E7BB9D
:10932000AD00000000FC2424242422222223222039
:1093300020004020180700FE424242424242FE0006
:109340000000E5908E0000F8010600F0121212F203
:10935000020202FE000000FF0000001F1111111F99
:109360000040807F0000E997B4000808080888786A
:109370000F0808080808080808002010484641415E
:1093800041417F41414141404000E5B7A600080806
:109390000808C8380F080808080808080800080462
:1093A0000201FF41414141414141FF000000E58F81
:1093B000B3000414A444AF14040404F40F244404BC
:1093C0000400124984423F8141310D030D31418136
:1093D0008100E88EB70000FE2222FE00403C101003
:1093E000FF1010100000807F0282FF0040424242C6
:1093F0007F4242424000E8839C00000000000000E1
:10940000C03FC000000000000000804020100C039E
:10941000000000030C1020408000E4BABA000000F5
:1094200000FC24242424E2222322200000000484BF
:109430004427140404040704040404040400E4B9E5
:109440009200000000FC24242424E2222322200095
:1094500000000404040704040404071424448404DE
:109460000400E4B993000000FE121212F212121E60
:1094700000F00000FF00100E013F0101FF11211F4D
:10948000000F40807F00E588B70040445465C66403
:10949000544400FC4444C442400020124A827F02EB
:1094A0000A92601F0000FF000000E696B000FF0176
:1094B00001013109090909897101010101FFFF80D9
:1094C00080808080809681808080808080FF000006
:1094D00000001038549210101010C8C8C82828284E
:1094E0000808C8080808080808080808080808083C
:1094F00048080808C8C8C8283838080808080848AC
:10950000480808080808082828084848480808089B
:109510002828080808080808080808C8880808044F
:1095200002020448480808080808083838280808CB
:1095300008080808080808080848082828084848AB
:1095400048080808080808080808080C0622020647
:109550000C08083838686808080808080828280827
:1095600008080808080848084848080808080808BB
:1095700048484808080808080868680808080808EB
:1095800008080808082828080C06020206CCC808A3
:10959000080808080808383838080828080808089B
:1095A00008080808082828280808080808080808DB
:1095B0000808080808680808C8C8C8080404C4845B
:1095C00008080828282808080808080808080808BB
:1095D000084848080808080808080808080808088B
:1095E0006808082C22020C0808080808686868083F
:1095F00008C8C8080808080808080808282808280B
:1096000008080808080828280808084828383808DA
:10961000080808C8C80808080808C8C8C8282828AA
:1096200008C8C8080808080808080808080808083A
:10963000480C06C2C2C2063C380808080808084898
:10964000480808080808082808084848480808087A
:109650002828080808080808080808C8080808088A
:1096600008080848480808080808C8C8C82828285A
:109670000808C808080808080808080808080808AA
:1096800048080808C8C8C82838380808080808481A
:10969000480808080808082828084848480808080A
:1096A0002828080808080808080808C888080804BE
:1096B000020204484808080808080838382808083A
:1096C000080808080808080808480828280848481A
:1096D00048080808080808080808080C06220206B6
:1096E0000C08083838686808080808080828280896
:1096F000080808080808480848480808080808082A
:109700004848480808080808086868080808080859
:1097100008080808082828080C06020206CCC80811
:109720000808080808083838380808280808080809
:109730000808080808282828080808080808080849
:109740000808080808680808C8C8C8080404C484C9
:109750000808082828280808080808080808080829
:1097600008484808080808080808080808080808F9
:109770006808082C22020C080808080868686808AD
:1097800008C8C80808080808080808082828082879
:109790000808080808082828080808482838380849
:1097A000080808C8C80808080808C8C8C828282819
:1097B00008C8C808080808080808080808080808A9
:1097C000480C06C2C2C2063C380808080808084807
:1097D00048080808080808280808484848080808E9
:1097E0002828080808080808080808C808080808F9
:1097F000080808484808080808088080006000A099
:10980000A0B098888C828381818181838E848888AE
:109810008890B0E0C0C00000000080C0C0FEFDFD28
:10982000BFAF2F0F0E03070E1EFF3F1F1F3F2F035B
:109830000000000000000000000000000000000028
:109840000000000000000000000000000000000018
:109850000000000000000000000000000000000008
:1098600000000000000000000000000000000000F8
:1098700000000000000000000000000000000000E8
:1098800000000000000000000000000000000000D8
:1098900000000000000000000000000000000000C8
:1098A00000000000000000000000000000000000B8
:1098B00000000000000000000000000000000000A8
:1098C0000000000000000000000000000000000098
:1098D0000000000000000000000000000000000088
:1098E0000000000000000000000000000000000078
:1098F0000000000000000000000000000000000068
:109900000000000000000000000000000000000057
:10991000000000000000800000008080C0FEFFFD0D
:10992000BFAF2F0F0E00070F1E1F3F1F1FFF0F0798
:109930000000000000000000000000000000000027
:109940000000000000000000000000000000000017
:109950000000000000000000000000000000000007
:1099600000000000000000000000000000000000F7
:1099700000000000000000000000000000000000E7
:1099800000000000000000000000000000000000D7
:1099900000000000000000000000000000000000C7
:1099A00000000000000000000000000000000000B7
:1099B00000000000000000000000000000000000A7
:1099C0000000000000000000000000000000000097
:1099D0000000000000000000000000000000000087
:1099E0000000000000000000000000000000000077
:1099F0000000000000000000000000000000000067
:109A00000000000000000000000000000000000056
:109A10000000000000000000000000000000000046
:109A20000000000000000000000000000000000036
:109A30000000000000000000000000000000000026
:109A40000000000000C0000000000080C0FCFEFA22
:109A50007E5E5E1E1C03070E1EFE3F1F3FFF0F07AC
:109A600001030000000000000000000000000000F2
:109A700000000000000000000000000000000000E6
:109A800000000000000000000000000000F0F8E806
:109A9000F8787878700F1C3878F8FC7EFFFF3F1F4D
:109AA000050D01000000000000030000000300009D
:109AB00000000000000000000000000000000000A6
:109AC0000000000000000000000000000080C04016
:109AD000C0C0C0C080F0C0808080C0E0F0FFFFFF49
:109AE0002F6B0B0303000103071F0703071F010070
:109AF0000000000000000000000000000000000066
:109B00000000000000000000000000000000000055
:109B100000000000008000000000000080F8FCF45D
:109B2000FCBCBC3C38070E1C3CFC7E3F7FFF1F0F7B
:109B3000020600000000000000010000000100001B
:109B40000000000000000000000000000000000015
:109B50000000000000000000000000000000808005
:109B60008080808000F0C0808080C0E0F0FFFFFE39
:109B70005FD7170707000103073F0F070F3F0301D8
:109B800000000000000000000000000000000000D5
:109B900000000000000000000000000000000000C5
:109BA00000000000000000000000000000E0F0D015
:109BB000F0F0F0F0E01E3870F0F0F8FCFEFF7F3FB0
:109BC0000B1A02000000000000070100010700005E
:109BD0000000000000000000000000000000000085
:109BE0000000000000000000000000000000000075
:109BF00000000000008000000000000080F8FCF47D
:109C0000FCBCBC3C38070E1C3CFC7E3F7FFF1F0F9A
:109C1000020600000000000000010000000100003A
:109C20000000000000000000000000000000000034
:109C30000000000000000000000000000000000024
:109C40000000000000C0000000000080C0FEFFFD1A
:109C5000BFAF2F0F0E03070E1E7E1F0F1F7F0703C0
:109C600000010000000000000000000000000000F3
:109C700000000000000000000000000000000000E4
:109C800000000000000000000000000000000000D4
:109C90000000000000C0000000000080C0FEFFFDCA
:109CA000BFAF2F0F0E03070E1E7E1F0F1F7F070370
:109CB00000010000000000000000000000000000A3
:109CC0000000000000000000000000000000000094
:109CD0000000000000000000000000000000000084
:109CE000000000000000F000FFFF8080FC00030681
:109CF000FFFF010100F00000FFFF80FC0000F0000A
:109D0000FFFF8080FC030206FFFF0100000003024A
:109D1000FFFF0101003840FF403C3E40FFFF40385C
:109D20001E20FF201CFFFFFFFFFFFFFF7F3F9FCF95
:109D30009F3F7FFFFFFF3F3F8FCFCFCFCFCFCFCF13
:109D4000CF8F8FCFCFCFCFCFCFCF9F3F3F3F7FFFA3
:109D5000FFFF7F3F3F3F3F3F7FFFFFFFFFFFFFFFD3
:109D6000FFFFFFFFFFFFFF0000FFFFFFFFFFFEFC05
:109D7000FCFCFEFFFFFFFFFF3F3FFFFFFFFFFFFF7A
:109D8000FFFF3F3FFFFFFFFFFFFFFEFCFCFCFEFF6E
:109D9000FFFFFF7F0000FFFFFFFFFFFFFFFFFFFF51
:109DA000FFFFFFFFFEFCF1F3F3F3030FFFFFFFFFE5
:109DB000FFFFFFFFF3F3C3C330303030C3C3F3738F
:109DC0003F3F3F3F3F3FFFFEFC4C00003C3C3C3CE4
:109DD0003F3FFFFFFFFFFFFFFFFFFFFFFFFFFFFF13
:109DE000FFFFFFFFFFFFF070070FFFFFFFFFFFFF09
:109DF000FFFFCFCFCFCFCFC7C3C18C0C1F3FFFFF1B
:109E0000FFFCFCF8F0F0FCFCFFFFFFFFFF3E3C1006
:109E100003033F7FFFFFFF1F1F9F9F9F9F9F3F7F6A
:109E20000F0780F0FFFFFFFFFFFFFFFFFFFFFFFFB8
:109E3000C7C7C7C7C7C7C3C1840C1F3F7FFFFFFF8A
:109E4000FFFFFFFF7F3F1F000080CFC7E3F1F8FC5B
:109E5000FFFFFFFEFCF9F9790187C0F8F8FFFFFF6B
:109E6000FFFFFFFFFFFF7F3F1F9F9F9F9F9F1F3FA2
:109E70007FFFFFFFFFFFFEFCFCF8F1E1C11111388D
:109E8000FCFCFCFEFFFFFFFFFFFFFFFFFFFFFFFFEC
:109E9000FFFFFFF0E0E7E7E7E7E7E7E7E7E7E7E30C
:109EA000F1F8FCFEFFFFFFFFFFFFFEFCF8F0E1E32F
:109EB000E7E7E7E7E7E7E7E7E7E0F0F8FFFFFFFFBF
:109EC000FFFFFFFFFFFFFFFFFF202020F8181060BB
:109ED000444E7F424448506040C0800202020F0C52
:109EE000040311397F211109050301010040E0B08D
:109EF000A8A4A2BFE21008FCA0A00000000001027C
:109F000004081F0801020700000000020702E0F039
:109F100018183060301818F0E0000103060C180C17
:109F2000060301007F415D755D417F060912090648
:109F30000000000000000000000000000000000021
:109F4000000000F8000000000000003330000000B6
:109F500000160E00160E00000000000000000000B9
:109F600040C07840C0784000043F04043F0404002F
:109F7000007088FC08300000001820FF211E00003F
:109F8000F008F000E018000000211C031E211E0054
:109F900000F00888700000001E21232419272110DA
:109FA000000000160E00000000000000000000008D
:109FB000000000E018040200000000071820400024
:109FC00000020418E0000000004020180700000014
:109FD000404080F0804040000202010F0102020078
:109FE000000000F0000000000101011F010101005C
:109FF000000000000000000000B070000000000041
:10A000000000000000000000000101010101010149
:10A0100000000000000000000030300000000000E0
:10A0200000000000806018040060180601000000B5
:10A0300000E010080810E000000F102020100F00B2
:10A04000001010F8000000000020203F2020000039
:10A050000070080808887000003028242221300091
:10A0600000300888884830000018202020110E0099
:10A070000000C02010F8000000070424243F240042
:10A0800000F80888880808000019212020110E0017
:10A0900000E0108888180000000F112020110E0029
:10A0A00000380808C83808000000003F0000000021
:10A0B0000070880808887000001C222121221C00E2
:10A0C00000E010080810E0000000312222110F000B
:10A0D000000000C0C00000000000003030000000A0
:10A0E000000000C0C0000000000080B07000000050
:10A0F0000000804020100800000102040810200029
:10A100004040404040404000040404040404040073
:10A110000008102040800000002010080402010008
:10A12000007048080808F000000000303601000008
:10A13000C030C828E810E0000718272423140B00BB
:10A140000000C038E0000000203C23020227382035
:10A1500008F8888888700000203F202020110E0019
:10A16000C030080808083800071820202010080010
:10A1700008F808080810E000203F202020100F00F9
:10A1800008F88888E8081000203F202023201800C5
:10A1900008F88888E8081000203F2000030000002D
:10A1A000C03008080838000007182020221E0200CE
:10A1B00008F808000008F808203F210101213F208D
:10A1C000000808F8080800000020203F20200000B8
:10A1D00000000808F8080800C08080807F000000A8
:10A1E00008F888C028180800203F200126382000E1
:10A1F00008F8080000000000203F20202020300048
:10A2000008F8F800F8F80800203F003F003F200061
:10A2100008F830C00008F808203F200007183F0069
:10A22000E01008080810E0000F10202020100F0098
:10A2300008F808080808F000203F2101010100008B
:10A24000E01008080810E0000F18242438504F00D0
:10A2500008F8888888887000203F2000030C302090
:10A2600000708808080838000038202121221C00CE
:10A27000180808F8080818000000203F2000000017
:10A2800008F808000008F808001F202020201F0000
:10A290000878880000C83808000007380E01000060
:10A2A000F80800F80008F800033C0700073C03002A
:10A2B000081868808068180820302C03032C302090
:10A2C0000838C800C83808000000203F20000000FF
:10A2D00010080808C8380800203826212020180057
:10A2E000000000FE020202000000007F404040002B
:10A2F000000C30C000000000000000010638C00063
:10A3000000020202FE000000004040407F0000000A
:10A3100000201008040810200000000000000000C9
:10A32000000000000000000080808080808080802D
:10A33000000204080000000000000000000000000F
:10A3400000008080808000000019242222223F200B
:10A3500008F8008080000000003F112020110E004E
:10A360000000008080800000000E112020201100DD
:10A37000000000808088F800000E112020103F208F
:10A380000000808080800000001F22222222130013
:10A39000008080F0888888180020203F202000005E
:10A3A0000000808080808000006B94949493600013
:10A3B00008F8008080800000203F210000203F201E
:10A3C00000809898000000000020203F202000001E
:10A3D000000000809898000000C08080807F00000E
:10A3E00008F8000080808000203F24022D302000EB
:10A3F000000808F8000000000020203F2020000096
:10A400008080808080808000203F20003F20003FAF
:10A41000008080008080000000203F2100203F203D
:10A420000000808080800000001F202020201F006E
:10A43000808000808000000080FFA12020110E009D
:10A440000000008080808000000E112020A0FF808E
:10A45000808080008080800020203F21200001003B
:10A460000000808080808000003324242424190090
:10A47000008080E0808000000000001F202000009D
:10A480008080000000808000001F202020103F20DE
:10A49000808080000080808000010E30080601006E
:10A4A00080800080008080800F300C030C300F0013
:10A4B00000808000808080000020312E0E3120003E
:10A4C000808080000080808080818E70180601006E
:10A4D00000808080808080000021302C222130008C
:10A4E00000000000807C020200000000003F4040AD
:10A4F00000000000FF00000000000000FF0000005E
:10A500000002027C800000000040403F000000008C
:10A510000080404080000080000000000001010039
:10A520000000000000000000002F000000000700F5
:10A53000070000147F147F1400242A7F2A120023AE
:10A5400013086462003649552250000000070000DD
:10A5500000001C224100000041221C000014083EA3
:10A5600008140008083E0808000000A06000000869
:10A5700008080808000060600000002010080402BD
:10A58000003E5149453E0000427F4000004261517B
:10A590004946002141454B31001814127F10002715
:10A5A00045454539003C4A494930000171090503D8
:10A5B00000364949493600064949291E0000363609
:10A5C000000000005636000000081422410000146C
:10A5D0001414141400004122140800020151090649
:10A5E000003E4955592E007C1211127C007F4949CA
:10A5F0004936003E41414122007F4141221C007FFB
:10A6000049494941007F09090901003E4149497A08
:10A61000007F0808087F0000417F41000020404182
:10A620003F01007F08142241007F40404040007FEE
:10A63000020C027F007F0408107F003E4141413E32
:10A64000007F09090906003E4151215E007F09197A
:10A6500029460046494949310001017F0101003F77
:10A660004040403F001F2040201F003F4038403FF7
:10A67000006314081463000708700807006151495B
:10A68000454300007F414100000204081020000003
:10A6900041417F000004020102040040404040406C
:10A6A000000001020400002054545478007F484404
:10A6B000443800384444442000384444487F00383B
:10A6C0005454541800087E0901020018A4A4A47C64
:10A6D000007F080404780000447D4000004080842E
:10A6E0007D00007F102844000000417F4000007C76
:10A6F00004180478007C0804047800384444443882
:10A7000000FC242424180018242418FC007C0804CD
:10A71000040800485454542000043F444020003CA6
:10A720004040207C001C2040201C003C4030403C2D
:10A73000004428102844001CA0A0A07C00446454BD
:10A740004C440000087F41000000007F0000000032
:10A75000417F0800000804081008FF01818181FD85
:10A760008991A1C1FD81818101FFFF808080809F4F
:10A77000888482819F80808080FF000064A9000817
:10A78000000000000000000088A90008B57A000859
:10A79000000000005CA900080D8100080000000016
:10A7A00054A90008196A00080000000050A9000818
:10A7B0000000000000000000DCA90008000000000C
:10A7C00000000000D0A90008517600080000000039
:10A7D000B0A90008A57F00080000000050A90008EB
:10A7E00000000000000000006CA90008000000004C
:10A7F00000000000B8A900081928000800000000A7
:10A8000070A900082133000800000000A0A900087A
:10A81000E97E00080000000090A9000861730008AC
:10A82000000000007CA900087D5300080000000023
:10A83000C4A900087D2300080000000050A90008FA
:10A840000000000000000000000000000000000008
:10A850003031323334353637383941424344454656
:10A860004030580030313233343536373839616250
:10A870006364656640307800040000080000000052
:10A880000000000200010000101F1D1F1E1F1E1FE0
:10A890001F1E1F1E1F3031323334353637383961B1
:10A8A0006263646566787000303132333435363730
:10A8B00038394142434445465850000002400000A8
:10A8C000000000A00000000005400000000000C8DB
:10A8D000000000000C4000000000409C0000000050
:10A8E000194000000020BCBE000000003440000001
:10A8F000BFC91B8E00000004B5400000504BCFD0F4
:10A900006607E2CF010000006C4100003E8251AAC0
:10A91000DFEEA73401000000D9420000DCB5A0E260
:10A920003A301F97FFFFFFFFB4450000FD25A0C888
:10A93000E9A3C14FFFFFFFFFFF3F000000000080C1
:10A9400000000000FF3F0000000000800000000049
:10A950002E2E0000E8AEBEE7BDAE0000E5B7A5E5CF
:10A9600085B70000E585B3E69CBA00003C3C3C009E
:10A97000E8B4AAE59083E89B87000000E58F8CE4AB
:10A98000BABAE4B992E4B993E6B8B8E6888F0000A1
:10A99000E4BF84E7BD97E696AFE696B9E59D9700DC
:10A9A000E9A39EE69CBAE5A4A7E68898000000000B
:10A9B000E7A792E8A1A80000E68190E9BE99E8B770
:10A9C000B3000000E794B5E5AD90E790B400000057
:10A9D000E58092E8AEA1E697B6000000E98080E548
:10A9E00087BA0000E588B7E696B0E697B6E997B46F
:10A9F0005B202020205D0000E58AA8E794BBE98069
:10AA00009FE5BAA65BE5BFAB5D000000E99D99E953
:10AA10009FB35BE585B35D00E58589E6A087E9A383
:10AA20008EE6A0BC5BE58F8DE79BB85D0000000063
:10AA3000E697B6E997B4E8AEBEE7BDAE0000000009
:10AA40008CAB00080000002038010000280100083D
:10AA500014AC000838010020700E000084010008CA
:10AA60001C00000043000000F8FFFFFF0C00000086
:10AA70000E0000000F0000002E000000100100007A
:10AA800043000000F8FFFFFF0040404040404040CE
:10AA900040404141414141404040404040404040B1
:10AAA0004040404040404040400502020202020255
:10AAB00002020202020202020220202020202020A4
:10AAC00020202002020202020202909090909090B8
:10AAD0001010101010101010101010101010101076
:10AAE00010101010020202020202888888888888EA
:10AAF00008080808080808080808080808080808D6
:10AB000008080808020202024000000000000000DD
:10AB10000000000000000000000000000000000035
:10AB20000000000000000000000000000000000025
:10AB30000000000000000000000000000000000015
:10AB40000000000000000000000000000000000005
:10AB500000000000000000000000000000000000F5
:10AB600000000000000000000000000000000000E5
:10AB700000000000000000000000000000000000D5
:10AB8000000000000000000000000000031EE1AC17
:10AB90000A1A051C22011A25041A4A041A5E041A0C
:10ABA00088041AB8041AEE04230B0214E8070812EA
:10ABB0000A5209120A1A0416A1926415B80BE80386
:10ABC0002B7F01029192033AF415B93B11400931F0
:10ABD0000701011E1E080813915A1B0869041A7DFB
:10ABE000041902410210415BDCA91A31130CAA4C72
:10ABF000081568101A180C5A7D0C1AF8244B516964
:10AC00000C1A30184BA1660C1AE4184BD1650C9A3B
:04AC100050480000A8
:04000005080000ED02
:00000001FF
